doctorId,name,specialty,DoctorContact,locationId,experience_years,available_hours,description,embedding_vector
116,Shell,Infectious disease,.@yopmail.com,1,30,8 AM - 6 PM,Experienced in Infectious disease,
752,Regina,Oncologist,.@yopmail.com,2,17,7 AM - 5 PM,Experienced in Oncologist,
957,Sissy,Otolaryngologists,.@yopmail.com,3,23,10 AM - 8 PM,Experienced in Otolaryngologists,
217,Celestyna,Cardiology,.@yopmail.com,4,30,8 AM - 6 PM,Experienced in Cardiology,
100,Thalia,Emergency Medicine,.@yopmail.com,5,4,8 AM - 6 PM,Experienced in Emergency Medicine,
708,Brynna,Surgery,.@yopmail.com,6,27,11 AM - 9 PM,Experienced in Surgery,
262,Maye,Pulmonologists,.@yopmail.com,7,20,11 AM - 9 PM,Experienced in Pulmonologists,
378,Concettina,Hospice and Palliative Care,.@yopmail.com,8,20,11 AM - 9 PM,Experienced in Hospice and Palliative Care,
910,Minda,Anesthesiology,.@yopmail.com,9,13,10 AM - 8 PM,Experienced in Anesthesiology,
740,Charissa,Nephrology,.@yopmail.com,10,22,8 AM - 6 PM,Experienced in Nephrology,
995,Lanae,Neurology,.@yopmail.com,11,20,7 AM - 5 PM,Experienced in Neurology,
907,Ida,Oncologist,.@yopmail.com,12,20,10 AM - 8 PM,Experienced in Oncologist,
688,Constance,Otolaryngologists,.@yopmail.com,13,6,9 AM - 7 PM,Experienced in Otolaryngologists,
117,Karena,Otolaryngologists,.@yopmail.com,14,15,7 AM - 5 PM,Experienced in Otolaryngologists,
602,Tabbatha,Anesthesiology,.@yopmail.com,15,28,8 AM - 6 PM,Experienced in Anesthesiology,
262,Lanna,Radiology,.@yopmail.com,16,15,7 AM - 5 PM,Experienced in Radiology,
811,Lucille,Dermatology,.@yopmail.com,17,18,9 AM - 7 PM,Experienced in Dermatology,
589,Calla,Dermatology,.@yopmail.com,18,15,9 AM - 7 PM,Experienced in Dermatology,
634,Jacenta,Radiology,.@yopmail.com,19,23,10 AM - 8 PM,Experienced in Radiology,
188,Shaine,Anesthesiology,.@yopmail.com,20,18,7 AM - 5 PM,Experienced in Anesthesiology,
349,Edee,Geriatrician,.@yopmail.com,21,24,10 AM - 8 PM,Experienced in Geriatrician,
555,Misha,Endocrinologist,.@yopmail.com,22,16,7 AM - 5 PM,Experienced in Endocrinologist,
715,Hope,Emergency Medicine,.@yopmail.com,23,1,7 AM - 5 PM,Experienced in Emergency Medicine,
885,Lilith,Allergists,.@yopmail.com,24,3,10 AM - 8 PM,Experienced in Allergists,
317,Corina,Pulmonologists,.@yopmail.com,25,4,8 AM - 6 PM,Experienced in Pulmonologists,
933,Ernesta,Psychiatry,.@yopmail.com,26,10,11 AM - 9 PM,Experienced in Psychiatry,
447,Asia,Internists,.@yopmail.com,27,26,9 AM - 7 PM,Experienced in Internists,
615,Sonni,Surgery,.@yopmail.com,28,11,10 AM - 8 PM,Experienced in Surgery,
250,Morganica,Pediatrics,.@yopmail.com,29,16,8 AM - 6 PM,Experienced in Pediatrics,
692,Nariko,Internists,.@yopmail.com,30,1,8 AM - 6 PM,Experienced in Internists,
303,Sherrie,Infectious disease,.@yopmail.com,31,23,11 AM - 9 PM,Experienced in Infectious disease,
339,Brandise,Internists,.@yopmail.com,32,20,10 AM - 8 PM,Experienced in Internists,
306,Georgina,Geriatrician,.@yopmail.com,33,20,8 AM - 6 PM,Experienced in Geriatrician,
837,Beatriz,Allergists,.@yopmail.com,34,9,10 AM - 8 PM,Experienced in Allergists,
416,Jere,Neurology,.@yopmail.com,35,16,9 AM - 7 PM,Experienced in Neurology,
438,Iseabal,Gastroenterology,.@yopmail.com,36,11,8 AM - 6 PM,Experienced in Gastroenterology,
889,Paola,Infectious disease,.@yopmail.com,37,20,11 AM - 9 PM,Experienced in Infectious disease,
955,Gretal,Emergency Medicine,.@yopmail.com,38,8,7 AM - 5 PM,Experienced in Emergency Medicine,
730,Luci,Emergency Medicine,.@yopmail.com,39,20,10 AM - 8 PM,Experienced in Emergency Medicine,
667,Gloria,Geriatrician,.@yopmail.com,40,10,9 AM - 7 PM,Experienced in Geriatrician,
276,Nelle,Endocrinologist,.@yopmail.com,41,22,11 AM - 9 PM,Experienced in Endocrinologist,
645,Asia,Otolaryngologists,.@yopmail.com,42,11,11 AM - 9 PM,Experienced in Otolaryngologists,
722,Catrina,Obstetric Anesthesiologists,.@yopmail.com,43,13,10 AM - 8 PM,Experienced in Obstetric Anesthesiologists,
716,Misha,Anesthesiology,.@yopmail.com,44,13,11 AM - 9 PM,Experienced in Anesthesiology,
911,Lorne,Neurology,.@yopmail.com,45,15,9 AM - 7 PM,Experienced in Neurology,
938,Hermione,Pulmonologists,.@yopmail.com,46,26,10 AM - 8 PM,Experienced in Pulmonologists,
117,Moyna,Surgery,.@yopmail.com,47,11,9 AM - 7 PM,Experienced in Surgery,
350,Estell,Otolaryngologists,.@yopmail.com,48,30,9 AM - 7 PM,Experienced in Otolaryngologists,
272,Nikki,Oncologist,.@yopmail.com,49,6,9 AM - 7 PM,Experienced in Oncologist,
770,Karly,Emergency Medicine,.@yopmail.com,50,25,10 AM - 8 PM,Experienced in Emergency Medicine,
491,Jinny,Infectious disease,.@yopmail.com,51,7,7 AM - 5 PM,Experienced in Infectious disease,
771,Karena,Internists,.@yopmail.com,52,2,9 AM - 7 PM,Experienced in Internists,
183,Shauna,Psychiatry,.@yopmail.com,53,5,9 AM - 7 PM,Experienced in Psychiatry,
165,Monika,Psychiatry,.@yopmail.com,54,15,8 AM - 6 PM,Experienced in Psychiatry,
492,Berta,Cardiology,.@yopmail.com,55,4,10 AM - 8 PM,Experienced in Cardiology,
527,Cristabel,Cardiology,.@yopmail.com,56,26,11 AM - 9 PM,Experienced in Cardiology,
359,Hollie,Anesthesiology,.@yopmail.com,57,4,9 AM - 7 PM,Experienced in Anesthesiology,
664,Flo,Geriatrician,.@yopmail.com,58,13,9 AM - 7 PM,Experienced in Geriatrician,
391,Annabela,Oncologist,.@yopmail.com,59,8,10 AM - 8 PM,Experienced in Oncologist,
434,Verla,Otolaryngologists,.@yopmail.com,60,24,11 AM - 9 PM,Experienced in Otolaryngologists,
875,Marjie,Endocrinologist,.@yopmail.com,61,3,8 AM - 6 PM,Experienced in Endocrinologist,
468,Tamqrah,Radiology,.@yopmail.com,62,3,9 AM - 7 PM,Experienced in Radiology,
734,Chrystel,Otolaryngologists,.@yopmail.com,63,4,7 AM - 5 PM,Experienced in Otolaryngologists,
373,Delilah,Ophthalmology,.@yopmail.com,64,21,8 AM - 6 PM,Experienced in Ophthalmology,
843,Leeanne,Pulmonologists,.@yopmail.com,65,26,9 AM - 7 PM,Experienced in Pulmonologists,
853,Elka,Hospice and Palliative Care,.@yopmail.com,66,30,7 AM - 5 PM,Experienced in Hospice and Palliative Care,
158,Chere,Nephrology,.@yopmail.com,67,25,11 AM - 9 PM,Experienced in Nephrology,
720,Jere,Neurology,.@yopmail.com,68,11,10 AM - 8 PM,Experienced in Neurology,
548,Karlee,Critical Care Medicine,.@yopmail.com,69,10,7 AM - 5 PM,Experienced in Critical Care Medicine,
423,Carree,Allergists,.@yopmail.com,70,3,7 AM - 5 PM,Experienced in Allergists,
432,Lorie,Critical Care Medicine,.@yopmail.com,71,14,11 AM - 9 PM,Experienced in Critical Care Medicine,
611,Shell,Gastroenterology,.@yopmail.com,72,11,11 AM - 9 PM,Experienced in Gastroenterology,
194,Phedra,Surgery,.@yopmail.com,73,8,9 AM - 7 PM,Experienced in Surgery,
892,Brynna,Cardiology,.@yopmail.com,74,18,7 AM - 5 PM,Experienced in Cardiology,
696,Alejandra,Endocrinologist,.@yopmail.com,75,7,9 AM - 7 PM,Experienced in Endocrinologist,
565,Dione,Psychiatry,.@yopmail.com,76,18,11 AM - 9 PM,Experienced in Psychiatry,
778,Brana,Dermatology,.@yopmail.com,77,27,10 AM - 8 PM,Experienced in Dermatology,
612,Krystle,Pediatrics,.@yopmail.com,78,30,11 AM - 9 PM,Experienced in Pediatrics,
894,Helsa,Emergency Medicine,.@yopmail.com,79,1,9 AM - 7 PM,Experienced in Emergency Medicine,
328,Atlanta,Infectious disease,.@yopmail.com,80,28,9 AM - 7 PM,Experienced in Infectious disease,
870,Johna,Obstetric Anesthesiologists,.@yopmail.com,81,30,9 AM - 7 PM,Experienced in Obstetric Anesthesiologists,
344,Aurore,Gastroenterology,.@yopmail.com,82,24,9 AM - 7 PM,Experienced in Gastroenterology,
705,Rosene,Obstetric Anesthesiologists,.@yopmail.com,83,12,8 AM - 6 PM,Experienced in Obstetric Anesthesiologists,
607,Jenilee,Internists,.@yopmail.com,84,8,8 AM - 6 PM,Experienced in Internists,
168,Mellicent,Otolaryngologists,.@yopmail.com,85,4,9 AM - 7 PM,Experienced in Otolaryngologists,
539,Hallie,Neurology,.@yopmail.com,86,15,10 AM - 8 PM,Experienced in Neurology,
892,Annabela,Oncologist,.@yopmail.com,87,25,9 AM - 7 PM,Experienced in Oncologist,
113,Shaylyn,Radiology,.@yopmail.com,88,26,7 AM - 5 PM,Experienced in Radiology,
947,Allis,Endocrinologist,.@yopmail.com,89,11,7 AM - 5 PM,Experienced in Endocrinologist,
707,Cassandra,Pulmonologists,.@yopmail.com,90,17,8 AM - 6 PM,Experienced in Pulmonologists,
757,Mariele,Neurology,.@yopmail.com,91,17,8 AM - 6 PM,Experienced in Neurology,
539,Jillayne,Allergists,.@yopmail.com,92,12,7 AM - 5 PM,Experienced in Allergists,
729,Louella,Cardiology,.@yopmail.com,93,28,8 AM - 6 PM,Experienced in Cardiology,
213,Sidoney,Hospice and Palliative Care,.@yopmail.com,94,9,11 AM - 9 PM,Experienced in Hospice and Palliative Care,
466,Ninnetta,Pediatrics,.@yopmail.com,95,6,10 AM - 8 PM,Experienced in Pediatrics,
856,Arabel,Oncologist,.@yopmail.com,96,16,8 AM - 6 PM,Experienced in Oncologist,
939,Melodie,Oncologist,.@yopmail.com,97,23,9 AM - 7 PM,Experienced in Oncologist,
288,Frank,Endocrinologist,.@yopmail.com,98,25,11 AM - 9 PM,Experienced in Endocrinologist,
227,Millie,Neurology,.@yopmail.com,99,21,7 AM - 5 PM,Experienced in Neurology,
270,Brooks,Allergists,.@yopmail.com,100,19,11 AM - 9 PM,Experienced in Allergists,
920,Nerta,Otolaryngologists,.@yopmail.com,101,6,10 AM - 8 PM,Experienced in Otolaryngologists,
332,Jinny,Neurology,.@yopmail.com,102,6,8 AM - 6 PM,Experienced in Neurology,
798,Vere,Allergists,.@yopmail.com,103,15,8 AM - 6 PM,Experienced in Allergists,
509,Hope,Pediatrics,.@yopmail.com,104,25,8 AM - 6 PM,Experienced in Pediatrics,
920,Barbi,Surgery,.@yopmail.com,105,10,7 AM - 5 PM,Experienced in Surgery,
940,Yolane,Ophthalmology,.@yopmail.com,106,21,8 AM - 6 PM,Experienced in Ophthalmology,
483,Kellen,Nephrology,.@yopmail.com,107,27,7 AM - 5 PM,Experienced in Nephrology,
258,Joeann,Cardiology,.@yopmail.com,108,23,10 AM - 8 PM,Experienced in Cardiology,
284,Ketti,Oncologist,.@yopmail.com,109,17,11 AM - 9 PM,Experienced in Oncologist,
537,Carmela,Anesthesiology,.@yopmail.com,110,13,8 AM - 6 PM,Experienced in Anesthesiology,
170,Quintina,Oncologist,.@yopmail.com,111,8,8 AM - 6 PM,Experienced in Oncologist,
156,Claudina,Infectious disease,.@yopmail.com,112,23,10 AM - 8 PM,Experienced in Infectious disease,
707,Sissy,Pediatrics,.@yopmail.com,113,19,9 AM - 7 PM,Experienced in Pediatrics,
713,Morganica,Nephrology,.@yopmail.com,114,4,10 AM - 8 PM,Experienced in Nephrology,
110,Maud,Cardiology,.@yopmail.com,115,2,9 AM - 7 PM,Experienced in Cardiology,
288,Dominga,Radiology,.@yopmail.com,116,16,9 AM - 7 PM,Experienced in Radiology,
706,Robbi,Dermatology,.@yopmail.com,117,26,9 AM - 7 PM,Experienced in Dermatology,
543,Orelia,Radiology,.@yopmail.com,118,21,11 AM - 9 PM,Experienced in Radiology,
362,Charissa,Internists,.@yopmail.com,119,28,9 AM - 7 PM,Experienced in Internists,
104,Cacilie,Emergency Medicine,.@yopmail.com,120,10,9 AM - 7 PM,Experienced in Emergency Medicine,
625,Beverley,Endocrinologist,.@yopmail.com,121,28,8 AM - 6 PM,Experienced in Endocrinologist,
286,Arlina,Radiology,.@yopmail.com,122,23,11 AM - 9 PM,Experienced in Radiology,
679,Debee,Otolaryngologists,.@yopmail.com,123,11,9 AM - 7 PM,Experienced in Otolaryngologists,
801,Brooks,Dermatology,.@yopmail.com,124,30,9 AM - 7 PM,Experienced in Dermatology,
120,Lilith,Dermatology,.@yopmail.com,125,23,7 AM - 5 PM,Experienced in Dermatology,
359,Katharina,Anesthesiology,.@yopmail.com,126,22,11 AM - 9 PM,Experienced in Anesthesiology,
262,Adele,Cardiology,.@yopmail.com,127,8,11 AM - 9 PM,Experienced in Cardiology,
414,Joeann,Otolaryngologists,.@yopmail.com,128,28,8 AM - 6 PM,Experienced in Otolaryngologists,
545,Oona,Pediatrics,.@yopmail.com,129,27,9 AM - 7 PM,Experienced in Pediatrics,
485,Tera,Otolaryngologists,.@yopmail.com,130,28,11 AM - 9 PM,Experienced in Otolaryngologists,
802,Kial,Allergists,.@yopmail.com,131,4,10 AM - 8 PM,Experienced in Allergists,
328,Anallese,Endocrinologist,.@yopmail.com,132,2,10 AM - 8 PM,Experienced in Endocrinologist,
930,Raf,Family Medicine,.@yopmail.com,133,23,7 AM - 5 PM,Experienced in Family Medicine,
890,Fredericka,Internists,.@yopmail.com,134,2,10 AM - 8 PM,Experienced in Internists,
700,Katleen,Ophthalmology,.@yopmail.com,135,2,9 AM - 7 PM,Experienced in Ophthalmology,
640,Rani,Radiology,.@yopmail.com,136,15,7 AM - 5 PM,Experienced in Radiology,
634,Britni,Oncologist,.@yopmail.com,137,27,9 AM - 7 PM,Experienced in Oncologist,
364,Aurelie,Nephrology,.@yopmail.com,138,7,9 AM - 7 PM,Experienced in Nephrology,
886,Calla,Gastroenterology,.@yopmail.com,139,18,10 AM - 8 PM,Experienced in Gastroenterology,
519,Maryellen,Endocrinologist,.@yopmail.com,140,4,9 AM - 7 PM,Experienced in Endocrinologist,
202,Di,Pulmonologists,.@yopmail.com,141,19,11 AM - 9 PM,Experienced in Pulmonologists,
883,Teriann,Psychiatry,.@yopmail.com,142,16,8 AM - 6 PM,Experienced in Psychiatry,
747,Elie,Ophthalmology,.@yopmail.com,143,26,9 AM - 7 PM,Experienced in Ophthalmology,
472,Mildrid,Oncologist,.@yopmail.com,144,25,7 AM - 5 PM,Experienced in Oncologist,
269,Cathyleen,Family Medicine,.@yopmail.com,145,25,10 AM - 8 PM,Experienced in Family Medicine,
459,Alex,Pediatrics,.@yopmail.com,146,17,7 AM - 5 PM,Experienced in Pediatrics,
785,Shandie,Radiology,.@yopmail.com,147,4,10 AM - 8 PM,Experienced in Radiology,
495,Aeriela,Otolaryngologists,.@yopmail.com,148,10,10 AM - 8 PM,Experienced in Otolaryngologists,
452,Minne,Critical Care Medicine,.@yopmail.com,149,27,7 AM - 5 PM,Experienced in Critical Care Medicine,
470,Etta,Family Medicine,.@yopmail.com,150,2,11 AM - 9 PM,Experienced in Family Medicine,
314,Ernesta,Nephrology,.@yopmail.com,151,28,10 AM - 8 PM,Experienced in Nephrology,
566,Leontine,Surgery,.@yopmail.com,152,28,11 AM - 9 PM,Experienced in Surgery,
491,Ivett,Infectious disease,.@yopmail.com,153,20,9 AM - 7 PM,Experienced in Infectious disease,
879,Micheline,Ophthalmology,.@yopmail.com,154,5,8 AM - 6 PM,Experienced in Ophthalmology,
348,Modestia,Anesthesiology,.@yopmail.com,155,5,11 AM - 9 PM,Experienced in Anesthesiology,
194,Valli,Neurology,.@yopmail.com,156,23,9 AM - 7 PM,Experienced in Neurology,
580,Lynnea,Internists,.@yopmail.com,157,11,10 AM - 8 PM,Experienced in Internists,
760,Orsola,Oncologist,.@yopmail.com,158,21,8 AM - 6 PM,Experienced in Oncologist,
728,Eugine,Gastroenterology,.@yopmail.com,159,26,7 AM - 5 PM,Experienced in Gastroenterology,
829,Molli,Anesthesiology,.@yopmail.com,160,22,8 AM - 6 PM,Experienced in Anesthesiology,
559,Ottilie,Otolaryngologists,.@yopmail.com,161,29,8 AM - 6 PM,Experienced in Otolaryngologists,
934,Lorie,Neurology,.@yopmail.com,162,28,7 AM - 5 PM,Experienced in Neurology,
235,Mariann,Radiology,.@yopmail.com,163,24,8 AM - 6 PM,Experienced in Radiology,
256,Inga,Hospice and Palliative Care,.@yopmail.com,164,30,7 AM - 5 PM,Experienced in Hospice and Palliative Care,
449,Harmonia,Infectious disease,.@yopmail.com,165,13,7 AM - 5 PM,Experienced in Infectious disease,
924,Roslyn,Surgery,.@yopmail.com,166,24,9 AM - 7 PM,Experienced in Surgery,
915,Marti,Pulmonologists,.@yopmail.com,167,4,11 AM - 9 PM,Experienced in Pulmonologists,
956,Merry,Pulmonologists,.@yopmail.com,168,18,10 AM - 8 PM,Experienced in Pulmonologists,
745,Lenna,Pediatrics,.@yopmail.com,169,9,11 AM - 9 PM,Experienced in Pediatrics,
236,Morganica,Radiology,.@yopmail.com,170,8,11 AM - 9 PM,Experienced in Radiology,
617,Charissa,Geriatrician,.@yopmail.com,171,10,9 AM - 7 PM,Experienced in Geriatrician,
832,Ulrike,Infectious disease,.@yopmail.com,172,10,11 AM - 9 PM,Experienced in Infectious disease,
241,Merci,Allergists,.@yopmail.com,173,13,10 AM - 8 PM,Experienced in Allergists,
931,Micheline,Otolaryngologists,.@yopmail.com,174,24,9 AM - 7 PM,Experienced in Otolaryngologists,
439,Noelle,Gastroenterology,.@yopmail.com,175,28,11 AM - 9 PM,Experienced in Gastroenterology,
499,Karlee,Anesthesiology,.@yopmail.com,176,22,8 AM - 6 PM,Experienced in Anesthesiology,
159,Georgetta,Infectious disease,.@yopmail.com,177,19,9 AM - 7 PM,Experienced in Infectious disease,
428,Moyna,Pulmonologists,.@yopmail.com,178,15,7 AM - 5 PM,Experienced in Pulmonologists,
956,Frank,Critical Care Medicine,.@yopmail.com,179,17,11 AM - 9 PM,Experienced in Critical Care Medicine,
803,Bernardine,Otolaryngologists,.@yopmail.com,180,29,11 AM - 9 PM,Experienced in Otolaryngologists,
648,Marcelline,Psychiatry,.@yopmail.com,181,18,11 AM - 9 PM,Experienced in Psychiatry,
540,Talya,Otolaryngologists,.@yopmail.com,182,19,7 AM - 5 PM,Experienced in Otolaryngologists,
117,Alex,Dermatology,.@yopmail.com,183,26,8 AM - 6 PM,Experienced in Dermatology,
831,Trudie,Cardiology,.@yopmail.com,184,17,9 AM - 7 PM,Experienced in Cardiology,
345,Phedra,Dermatology,.@yopmail.com,185,1,11 AM - 9 PM,Experienced in Dermatology,
417,Molli,Allergists,.@yopmail.com,186,2,11 AM - 9 PM,Experienced in Allergists,
157,Mellicent,Infectious disease,.@yopmail.com,187,3,8 AM - 6 PM,Experienced in Infectious disease,
603,Christal,Pulmonologists,.@yopmail.com,188,15,9 AM - 7 PM,Experienced in Pulmonologists,
245,Mahalia,Surgery,.@yopmail.com,189,24,8 AM - 6 PM,Experienced in Surgery,
164,Alyssa,Emergency Medicine,.@yopmail.com,190,26,9 AM - 7 PM,Experienced in Emergency Medicine,
260,Dorthy,Gastroenterology,.@yopmail.com,191,21,8 AM - 6 PM,Experienced in Gastroenterology,
656,Merrie,Ophthalmology,.@yopmail.com,192,3,7 AM - 5 PM,Experienced in Ophthalmology,
338,Taffy,Neurology,.@yopmail.com,193,8,7 AM - 5 PM,Experienced in Neurology,
605,Jean,Ophthalmology,.@yopmail.com,194,13,10 AM - 8 PM,Experienced in Ophthalmology,
552,Florencia,Oncologist,.@yopmail.com,195,20,8 AM - 6 PM,Experienced in Oncologist,
748,Nanete,Oncologist,.@yopmail.com,196,6,7 AM - 5 PM,Experienced in Oncologist,
776,Carilyn,Otolaryngologists,.@yopmail.com,197,29,11 AM - 9 PM,Experienced in Otolaryngologists,
153,Chastity,Radiology,.@yopmail.com,198,22,11 AM - 9 PM,Experienced in Radiology,
888,Grier,Dermatology,.@yopmail.com,199,29,8 AM - 6 PM,Experienced in Dermatology,
565,Rozele,Neurology,.@yopmail.com,200,13,7 AM - 5 PM,Experienced in Neurology,
526,Karly,Internists,.@yopmail.com,201,28,8 AM - 6 PM,Experienced in Internists,
473,Dulcinea,Dermatology,.@yopmail.com,202,3,7 AM - 5 PM,Experienced in Dermatology,
714,Brianna,Dermatology,.@yopmail.com,203,4,8 AM - 6 PM,Experienced in Dermatology,
947,Margalo,Otolaryngologists,.@yopmail.com,204,21,8 AM - 6 PM,Experienced in Otolaryngologists,
290,Bernie,Anesthesiology,.@yopmail.com,205,16,9 AM - 7 PM,Experienced in Anesthesiology,
984,Dacia,Gastroenterology,.@yopmail.com,206,24,11 AM - 9 PM,Experienced in Gastroenterology,
808,Max,Dermatology,.@yopmail.com,207,2,9 AM - 7 PM,Experienced in Dermatology,
829,Agnese,Pediatrics,.@yopmail.com,208,11,9 AM - 7 PM,Experienced in Pediatrics,
610,Yvonne,Radiology,.@yopmail.com,209,10,7 AM - 5 PM,Experienced in Radiology,
569,Corina,Otolaryngologists,.@yopmail.com,210,11,8 AM - 6 PM,Experienced in Otolaryngologists,
163,Candi,Critical Care Medicine,.@yopmail.com,211,3,11 AM - 9 PM,Experienced in Critical Care Medicine,
680,Emma,Emergency Medicine,.@yopmail.com,212,8,9 AM - 7 PM,Experienced in Emergency Medicine,
566,Hallie,Allergists,.@yopmail.com,213,3,11 AM - 9 PM,Experienced in Allergists,
484,Nanete,Hospice and Palliative Care,.@yopmail.com,214,2,7 AM - 5 PM,Experienced in Hospice and Palliative Care,
534,Pierette,Pediatrics,.@yopmail.com,215,25,9 AM - 7 PM,Experienced in Pediatrics,
165,Deane,Anesthesiology,.@yopmail.com,216,21,11 AM - 9 PM,Experienced in Anesthesiology,
583,Gabi,Nephrology,.@yopmail.com,217,3,11 AM - 9 PM,Experienced in Nephrology,
935,Misha,Oncologist,.@yopmail.com,218,17,10 AM - 8 PM,Experienced in Oncologist,
479,Madeleine,Critical Care Medicine,.@yopmail.com,219,15,7 AM - 5 PM,Experienced in Critical Care Medicine,
210,Dorene,Nephrology,.@yopmail.com,220,24,8 AM - 6 PM,Experienced in Nephrology,
852,Dennie,Obstetric Anesthesiologists,.@yopmail.com,221,1,8 AM - 6 PM,Experienced in Obstetric Anesthesiologists,
650,Genevra,Oncologist,.@yopmail.com,222,11,8 AM - 6 PM,Experienced in Oncologist,
600,Philis,Internists,.@yopmail.com,223,15,9 AM - 7 PM,Experienced in Internists,
678,Dania,Infectious disease,.@yopmail.com,224,15,10 AM - 8 PM,Experienced in Infectious disease,
704,Sybille,Infectious disease,.@yopmail.com,225,10,9 AM - 7 PM,Experienced in Infectious disease,
363,Joleen,Gastroenterology,.@yopmail.com,226,4,9 AM - 7 PM,Experienced in Gastroenterology,
854,Talya,Emergency Medicine,.@yopmail.com,227,18,7 AM - 5 PM,Experienced in Emergency Medicine,
586,Desirae,Gastroenterology,.@yopmail.com,228,21,8 AM - 6 PM,Experienced in Gastroenterology,
198,Tilly,Cardiology,.@yopmail.com,229,16,11 AM - 9 PM,Experienced in Cardiology,
990,Vanessa,Gastroenterology,.@yopmail.com,230,19,8 AM - 6 PM,Experienced in Gastroenterology,
975,Hettie,Allergists,.@yopmail.com,231,19,7 AM - 5 PM,Experienced in Allergists,
439,Daune,Ophthalmology,.@yopmail.com,232,11,10 AM - 8 PM,Experienced in Ophthalmology,
332,Valli,Radiology,.@yopmail.com,233,15,11 AM - 9 PM,Experienced in Radiology,
869,Aili,Otolaryngologists,.@yopmail.com,234,26,7 AM - 5 PM,Experienced in Otolaryngologists,
282,Cherilyn,Oncologist,.@yopmail.com,235,3,8 AM - 6 PM,Experienced in Oncologist,
149,Krystle,Obstetric Anesthesiologists,.@yopmail.com,236,28,8 AM - 6 PM,Experienced in Obstetric Anesthesiologists,
924,Andeee,Ophthalmology,.@yopmail.com,237,9,9 AM - 7 PM,Experienced in Ophthalmology,
124,Steffane,Nephrology,.@yopmail.com,238,6,10 AM - 8 PM,Experienced in Nephrology,
644,Corina,Nephrology,.@yopmail.com,239,22,11 AM - 9 PM,Experienced in Nephrology,
769,Corry,Geriatrician,.@yopmail.com,240,20,10 AM - 8 PM,Experienced in Geriatrician,
638,Flo,Radiology,.@yopmail.com,241,14,8 AM - 6 PM,Experienced in Radiology,
105,Lynea,Emergency Medicine,.@yopmail.com,242,9,8 AM - 6 PM,Experienced in Emergency Medicine,
787,Taffy,Otolaryngologists,.@yopmail.com,243,10,7 AM - 5 PM,Experienced in Otolaryngologists,
632,Melina,Emergency Medicine,.@yopmail.com,244,6,7 AM - 5 PM,Experienced in Emergency Medicine,
794,Henriette,Cardiology,.@yopmail.com,245,6,9 AM - 7 PM,Experienced in Cardiology,
652,Jessy,Oncologist,.@yopmail.com,246,5,9 AM - 7 PM,Experienced in Oncologist,
161,Jolyn,Gastroenterology,.@yopmail.com,247,27,8 AM - 6 PM,Experienced in Gastroenterology,
539,Gianina,Obstetric Anesthesiologists,.@yopmail.com,248,25,9 AM - 7 PM,Experienced in Obstetric Anesthesiologists,
821,Farrah,Geriatrician,.@yopmail.com,249,4,8 AM - 6 PM,Experienced in Geriatrician,
226,Minda,Obstetric Anesthesiologists,.@yopmail.com,250,19,10 AM - 8 PM,Experienced in Obstetric Anesthesiologists,
731,Joane,Neurology,.@yopmail.com,251,25,10 AM - 8 PM,Experienced in Neurology,
218,Carree,Geriatrician,.@yopmail.com,252,17,10 AM - 8 PM,Experienced in Geriatrician,
419,Livvyy,Infectious disease,.@yopmail.com,253,12,7 AM - 5 PM,Experienced in Infectious disease,
457,Siana,Oncologist,.@yopmail.com,254,1,11 AM - 9 PM,Experienced in Oncologist,
327,Heddie,Psychiatry,.@yopmail.com,255,7,11 AM - 9 PM,Experienced in Psychiatry,
749,Charlena,Critical Care Medicine,.@yopmail.com,256,11,10 AM - 8 PM,Experienced in Critical Care Medicine,
905,Minne,Dermatology,.@yopmail.com,257,18,9 AM - 7 PM,Experienced in Dermatology,
736,Candi,Oncologist,.@yopmail.com,258,30,8 AM - 6 PM,Experienced in Oncologist,
801,Dominga,Pulmonologists,.@yopmail.com,259,12,11 AM - 9 PM,Experienced in Pulmonologists,
848,Tina,Otolaryngologists,.@yopmail.com,260,28,8 AM - 6 PM,Experienced in Otolaryngologists,
369,Nannie,Oncologist,.@yopmail.com,261,29,9 AM - 7 PM,Experienced in Oncologist,
714,Nerta,Internists,.@yopmail.com,262,10,7 AM - 5 PM,Experienced in Internists,
712,Emmey,Oncologist,.@yopmail.com,263,9,7 AM - 5 PM,Experienced in Oncologist,
598,Fanchon,Pediatrics,.@yopmail.com,264,4,8 AM - 6 PM,Experienced in Pediatrics,
668,Jessamyn,Infectious disease,.@yopmail.com,265,12,11 AM - 9 PM,Experienced in Infectious disease,
527,Jacquetta,Ophthalmology,.@yopmail.com,266,24,7 AM - 5 PM,Experienced in Ophthalmology,
826,Rosene,Psychiatry,.@yopmail.com,267,23,7 AM - 5 PM,Experienced in Psychiatry,
974,Laure,Radiology,.@yopmail.com,268,3,11 AM - 9 PM,Experienced in Radiology,
431,Ermengarde,Oncologist,.@yopmail.com,269,18,11 AM - 9 PM,Experienced in Oncologist,
853,Goldie,Ophthalmology,.@yopmail.com,270,20,11 AM - 9 PM,Experienced in Ophthalmology,
707,Karolina,Internists,.@yopmail.com,271,5,9 AM - 7 PM,Experienced in Internists,
538,Gisela,Endocrinologist,.@yopmail.com,272,24,8 AM - 6 PM,Experienced in Endocrinologist,
866,Cathyleen,Emergency Medicine,.@yopmail.com,273,20,10 AM - 8 PM,Experienced in Emergency Medicine,
133,Adelle,Internists,.@yopmail.com,274,24,9 AM - 7 PM,Experienced in Internists,
802,Shirlee,Pulmonologists,.@yopmail.com,275,27,9 AM - 7 PM,Experienced in Pulmonologists,
881,Carmencita,Psychiatry,.@yopmail.com,276,2,11 AM - 9 PM,Experienced in Psychiatry,
335,Romona,Surgery,.@yopmail.com,277,12,10 AM - 8 PM,Experienced in Surgery,
816,Linet,Gastroenterology,.@yopmail.com,278,1,11 AM - 9 PM,Experienced in Gastroenterology,
773,Heddie,Family Medicine,.@yopmail.com,279,19,7 AM - 5 PM,Experienced in Family Medicine,
247,Nyssa,Internists,.@yopmail.com,280,1,11 AM - 9 PM,Experienced in Internists,
715,Doro,Obstetric Anesthesiologists,.@yopmail.com,281,16,9 AM - 7 PM,Experienced in Obstetric Anesthesiologists,
572,Catrina,Endocrinologist,.@yopmail.com,282,1,11 AM - 9 PM,Experienced in Endocrinologist,
760,Basia,Allergists,.@yopmail.com,283,5,10 AM - 8 PM,Experienced in Allergists,
923,Hope,Anesthesiology,.@yopmail.com,284,6,10 AM - 8 PM,Experienced in Anesthesiology,
504,Averyl,Dermatology,.@yopmail.com,285,24,7 AM - 5 PM,Experienced in Dermatology,
884,Randa,Dermatology,.@yopmail.com,286,14,11 AM - 9 PM,Experienced in Dermatology,
269,Emmey,Endocrinologist,.@yopmail.com,287,7,8 AM - 6 PM,Experienced in Endocrinologist,
822,Elise,Dermatology,.@yopmail.com,288,10,7 AM - 5 PM,Experienced in Dermatology,
379,Roz,Hospice and Palliative Care,.@yopmail.com,289,5,8 AM - 6 PM,Experienced in Hospice and Palliative Care,
912,Hallie,Pediatrics,.@yopmail.com,290,9,11 AM - 9 PM,Experienced in Pediatrics,
189,Max,Family Medicine,.@yopmail.com,291,19,7 AM - 5 PM,Experienced in Family Medicine,
810,Wendi,Otolaryngologists,.@yopmail.com,292,16,10 AM - 8 PM,Experienced in Otolaryngologists,
209,Nicoli,Oncologist,.@yopmail.com,293,14,7 AM - 5 PM,Experienced in Oncologist,
506,Annora,Gastroenterology,.@yopmail.com,294,8,7 AM - 5 PM,Experienced in Gastroenterology,
557,Peri,Internists,.@yopmail.com,295,13,10 AM - 8 PM,Experienced in Internists,
806,Melisent,Emergency Medicine,.@yopmail.com,296,28,10 AM - 8 PM,Experienced in Emergency Medicine,
916,Ninnetta,Ophthalmology,.@yopmail.com,297,6,11 AM - 9 PM,Experienced in Ophthalmology,
113,Rubie,Infectious disease,.@yopmail.com,298,26,10 AM - 8 PM,Experienced in Infectious disease,
574,Ronna,Infectious disease,.@yopmail.com,299,15,8 AM - 6 PM,Experienced in Infectious disease,
219,Estell,Emergency Medicine,.@yopmail.com,300,9,8 AM - 6 PM,Experienced in Emergency Medicine,
221,Daryl,Surgery,.@yopmail.com,301,15,9 AM - 7 PM,Experienced in Surgery,
598,Leanna,Internists,.@yopmail.com,302,13,8 AM - 6 PM,Experienced in Internists,
566,Nanete,Family Medicine,.@yopmail.com,303,19,11 AM - 9 PM,Experienced in Family Medicine,
844,Tybie,Obstetric Anesthesiologists,.@yopmail.com,304,28,8 AM - 6 PM,Experienced in Obstetric Anesthesiologists,
799,Fina,Pulmonologists,.@yopmail.com,305,7,10 AM - 8 PM,Experienced in Pulmonologists,
884,Brooks,Oncologist,.@yopmail.com,306,29,9 AM - 7 PM,Experienced in Oncologist,
162,Beth,Geriatrician,.@yopmail.com,307,10,11 AM - 9 PM,Experienced in Geriatrician,
728,Minda,Infectious disease,.@yopmail.com,308,28,7 AM - 5 PM,Experienced in Infectious disease,
119,Flory,Nephrology,.@yopmail.com,309,22,9 AM - 7 PM,Experienced in Nephrology,
786,Marnia,Psychiatry,.@yopmail.com,310,24,11 AM - 9 PM,Experienced in Psychiatry,
569,Elora,Pulmonologists,.@yopmail.com,311,2,11 AM - 9 PM,Experienced in Pulmonologists,
777,Aimil,Dermatology,.@yopmail.com,312,7,7 AM - 5 PM,Experienced in Dermatology,
708,Mildrid,Infectious disease,.@yopmail.com,313,23,10 AM - 8 PM,Experienced in Infectious disease,
819,Nanete,Pediatrics,.@yopmail.com,314,11,10 AM - 8 PM,Experienced in Pediatrics,
629,Ada,Pulmonologists,.@yopmail.com,315,28,10 AM - 8 PM,Experienced in Pulmonologists,
101,Mireielle,Allergists,.@yopmail.com,316,8,11 AM - 9 PM,Experienced in Allergists,
545,Mariann,Neurology,.@yopmail.com,317,3,10 AM - 8 PM,Experienced in Neurology,
598,Ernesta,Cardiology,.@yopmail.com,318,9,9 AM - 7 PM,Experienced in Cardiology,
334,Orelia,Gastroenterology,.@yopmail.com,319,19,7 AM - 5 PM,Experienced in Gastroenterology,
593,Sara-Ann,Pediatrics,.@yopmail.com,320,19,8 AM - 6 PM,Experienced in Pediatrics,
634,Ketti,Otolaryngologists,.@yopmail.com,321,12,10 AM - 8 PM,Experienced in Otolaryngologists,
596,Sue,Critical Care Medicine,.@yopmail.com,322,2,7 AM - 5 PM,Experienced in Critical Care Medicine,
445,Cyb,Hospice and Palliative Care,.@yopmail.com,323,17,11 AM - 9 PM,Experienced in Hospice and Palliative Care,
498,Carmela,Family Medicine,.@yopmail.com,324,2,11 AM - 9 PM,Experienced in Family Medicine,
361,Sashenka,Pediatrics,.@yopmail.com,325,28,9 AM - 7 PM,Experienced in Pediatrics,
560,Letizia,Infectious disease,.@yopmail.com,326,9,11 AM - 9 PM,Experienced in Infectious disease,
994,Cristabel,Oncologist,.@yopmail.com,327,3,10 AM - 8 PM,Experienced in Oncologist,
252,Quintina,Anesthesiology,.@yopmail.com,328,2,8 AM - 6 PM,Experienced in Anesthesiology,
723,Katleen,Nephrology,.@yopmail.com,329,24,8 AM - 6 PM,Experienced in Nephrology,
181,Britte,Pulmonologists,.@yopmail.com,330,14,8 AM - 6 PM,Experienced in Pulmonologists,
830,Julieta,Allergists,.@yopmail.com,331,12,8 AM - 6 PM,Experienced in Allergists,
689,Juliane,Nephrology,.@yopmail.com,332,8,7 AM - 5 PM,Experienced in Nephrology,
133,Cyndie,Pediatrics,.@yopmail.com,333,12,7 AM - 5 PM,Experienced in Pediatrics,
785,Gertrud,Hospice and Palliative Care,.@yopmail.com,334,19,11 AM - 9 PM,Experienced in Hospice and Palliative Care,
761,Jobi,Surgery,.@yopmail.com,335,2,10 AM - 8 PM,Experienced in Surgery,
194,Florie,Surgery,.@yopmail.com,336,11,10 AM - 8 PM,Experienced in Surgery,
534,Genovera,Psychiatry,.@yopmail.com,337,8,9 AM - 7 PM,Experienced in Psychiatry,
515,Chickie,Cardiology,.@yopmail.com,338,30,10 AM - 8 PM,Experienced in Cardiology,
974,Robbi,Allergists,.@yopmail.com,339,4,7 AM - 5 PM,Experienced in Allergists,
388,Danika,Ophthalmology,.@yopmail.com,340,21,7 AM - 5 PM,Experienced in Ophthalmology,
450,Evita,Family Medicine,.@yopmail.com,341,17,8 AM - 6 PM,Experienced in Family Medicine,
738,Hollie,Cardiology,.@yopmail.com,342,16,7 AM - 5 PM,Experienced in Cardiology,
399,Madeleine,Anesthesiology,.@yopmail.com,343,4,8 AM - 6 PM,Experienced in Anesthesiology,
274,Fawne,Ophthalmology,.@yopmail.com,344,30,9 AM - 7 PM,Experienced in Ophthalmology,
902,Tressa,Geriatrician,.@yopmail.com,345,19,8 AM - 6 PM,Experienced in Geriatrician,
312,Kimmy,Gastroenterology,.@yopmail.com,346,5,9 AM - 7 PM,Experienced in Gastroenterology,
672,Gerianna,Neurology,.@yopmail.com,347,20,7 AM - 5 PM,Experienced in Neurology,
827,Lanae,Obstetric Anesthesiologists,.@yopmail.com,348,12,8 AM - 6 PM,Experienced in Obstetric Anesthesiologists,
975,Netty,Obstetric Anesthesiologists,.@yopmail.com,349,29,8 AM - 6 PM,Experienced in Obstetric Anesthesiologists,
171,Meriel,Radiology,.@yopmail.com,350,5,11 AM - 9 PM,Experienced in Radiology,
184,Clementine,Cardiology,.@yopmail.com,351,5,8 AM - 6 PM,Experienced in Cardiology,
335,Leeanne,Radiology,.@yopmail.com,352,29,9 AM - 7 PM,Experienced in Radiology,
502,Nikki,Oncologist,.@yopmail.com,353,5,8 AM - 6 PM,Experienced in Oncologist,
878,Ann-Marie,Dermatology,.@yopmail.com,354,27,11 AM - 9 PM,Experienced in Dermatology,
499,Talya,Radiology,.@yopmail.com,355,28,10 AM - 8 PM,Experienced in Radiology,
822,Addia,Nephrology,.@yopmail.com,356,16,10 AM - 8 PM,Experienced in Nephrology,
885,Loree,Critical Care Medicine,.@yopmail.com,357,16,9 AM - 7 PM,Experienced in Critical Care Medicine,
448,Laurene,Ophthalmology,.@yopmail.com,358,21,10 AM - 8 PM,Experienced in Ophthalmology,
338,Sashenka,Pediatrics,.@yopmail.com,359,16,10 AM - 8 PM,Experienced in Pediatrics,
124,Quintina,Anesthesiology,.@yopmail.com,360,7,7 AM - 5 PM,Experienced in Anesthesiology,
936,Carolina,Neurology,.@yopmail.com,361,22,9 AM - 7 PM,Experienced in Neurology,
204,Dyann,Cardiology,.@yopmail.com,362,3,11 AM - 9 PM,Experienced in Cardiology,
820,Christal,Neurology,.@yopmail.com,363,11,11 AM - 9 PM,Experienced in Neurology,
173,Charissa,Oncologist,.@yopmail.com,364,4,9 AM - 7 PM,Experienced in Oncologist,
222,Zia,Family Medicine,.@yopmail.com,365,2,7 AM - 5 PM,Experienced in Family Medicine,
398,Misha,Pediatrics,.@yopmail.com,366,5,11 AM - 9 PM,Experienced in Pediatrics,
189,Margette,Cardiology,.@yopmail.com,367,1,8 AM - 6 PM,Experienced in Cardiology,
680,Marinna,Ophthalmology,.@yopmail.com,368,12,10 AM - 8 PM,Experienced in Ophthalmology,
100,Jinny,Surgery,.@yopmail.com,369,13,9 AM - 7 PM,Experienced in Surgery,
859,Tomasina,Psychiatry,.@yopmail.com,370,24,7 AM - 5 PM,Experienced in Psychiatry,
952,Ingrid,Psychiatry,.@yopmail.com,371,23,7 AM - 5 PM,Experienced in Psychiatry,
249,Nataline,Family Medicine,.@yopmail.com,372,24,9 AM - 7 PM,Experienced in Family Medicine,
461,Mady,Family Medicine,.@yopmail.com,373,10,11 AM - 9 PM,Experienced in Family Medicine,
940,Harmonia,Emergency Medicine,.@yopmail.com,374,20,7 AM - 5 PM,Experienced in Emergency Medicine,
420,Anestassia,Family Medicine,.@yopmail.com,375,8,11 AM - 9 PM,Experienced in Family Medicine,
560,Marylou,Oncologist,.@yopmail.com,376,22,8 AM - 6 PM,Experienced in Oncologist,
628,Shell,Critical Care Medicine,.@yopmail.com,377,10,9 AM - 7 PM,Experienced in Critical Care Medicine,
967,Katuscha,Dermatology,.@yopmail.com,378,27,11 AM - 9 PM,Experienced in Dermatology,
594,Gilda,Dermatology,.@yopmail.com,379,21,8 AM - 6 PM,Experienced in Dermatology,
638,Joeann,Radiology,.@yopmail.com,380,21,7 AM - 5 PM,Experienced in Radiology,
672,Charissa,Hospice and Palliative Care,.@yopmail.com,381,29,11 AM - 9 PM,Experienced in Hospice and Palliative Care,
596,Dede,Nephrology,.@yopmail.com,382,24,8 AM - 6 PM,Experienced in Nephrology,
470,Cherrita,Neurology,.@yopmail.com,383,16,7 AM - 5 PM,Experienced in Neurology,
856,Briney,Obstetric Anesthesiologists,.@yopmail.com,384,22,11 AM - 9 PM,Experienced in Obstetric Anesthesiologists,
863,Dione,Gastroenterology,.@yopmail.com,385,23,8 AM - 6 PM,Experienced in Gastroenterology,
657,Ebonee,Anesthesiology,.@yopmail.com,386,9,8 AM - 6 PM,Experienced in Anesthesiology,
933,Monika,Infectious disease,.@yopmail.com,387,13,7 AM - 5 PM,Experienced in Infectious disease,
495,Kirbee,Allergists,.@yopmail.com,388,27,11 AM - 9 PM,Experienced in Allergists,
377,Marsiella,Critical Care Medicine,.@yopmail.com,389,28,9 AM - 7 PM,Experienced in Critical Care Medicine,
890,Vivia,Geriatrician,.@yopmail.com,390,19,11 AM - 9 PM,Experienced in Geriatrician,
598,Frank,Obstetric Anesthesiologists,.@yopmail.com,391,12,9 AM - 7 PM,Experienced in Obstetric Anesthesiologists,
866,Sam,Obstetric Anesthesiologists,.@yopmail.com,392,23,11 AM - 9 PM,Experienced in Obstetric Anesthesiologists,
145,Kerrin,Geriatrician,.@yopmail.com,393,1,8 AM - 6 PM,Experienced in Geriatrician,
883,Maurene,Ophthalmology,.@yopmail.com,394,22,7 AM - 5 PM,Experienced in Ophthalmology,
272,Cyb,Ophthalmology,.@yopmail.com,395,14,10 AM - 8 PM,Experienced in Ophthalmology,
617,Cyndie,Allergists,.@yopmail.com,396,2,8 AM - 6 PM,Experienced in Allergists,
338,Ardeen,Pulmonologists,.@yopmail.com,397,16,8 AM - 6 PM,Experienced in Pulmonologists,
662,Nadine,Pediatrics,.@yopmail.com,398,6,8 AM - 6 PM,Experienced in Pediatrics,
955,Karly,Psychiatry,.@yopmail.com,399,7,7 AM - 5 PM,Experienced in Psychiatry,
157,Quintina,Oncologist,.@yopmail.com,400,2,9 AM - 7 PM,Experienced in Oncologist,
358,Gerrie,Otolaryngologists,.@yopmail.com,401,7,11 AM - 9 PM,Experienced in Otolaryngologists,
547,Yolane,Emergency Medicine,.@yopmail.com,402,17,8 AM - 6 PM,Experienced in Emergency Medicine,
398,Paule,Family Medicine,.@yopmail.com,403,13,11 AM - 9 PM,Experienced in Family Medicine,
942,Ada,Ophthalmology,.@yopmail.com,404,10,11 AM - 9 PM,Experienced in Ophthalmology,
939,Sissy,Pediatrics,.@yopmail.com,405,27,7 AM - 5 PM,Experienced in Pediatrics,
135,Gilligan,Surgery,.@yopmail.com,406,29,10 AM - 8 PM,Experienced in Surgery,
485,Emylee,Critical Care Medicine,.@yopmail.com,407,1,10 AM - 8 PM,Experienced in Critical Care Medicine,
477,Ekaterina,Infectious disease,.@yopmail.com,408,2,11 AM - 9 PM,Experienced in Infectious disease,
899,Tiffie,Endocrinologist,.@yopmail.com,409,23,11 AM - 9 PM,Experienced in Endocrinologist,
618,Laurene,Ophthalmology,.@yopmail.com,410,1,9 AM - 7 PM,Experienced in Ophthalmology,
221,Zia,Emergency Medicine,.@yopmail.com,411,19,9 AM - 7 PM,Experienced in Emergency Medicine,
370,Liana,Gastroenterology,.@yopmail.com,412,19,7 AM - 5 PM,Experienced in Gastroenterology,
935,Dyann,Hospice and Palliative Care,.@yopmail.com,413,17,11 AM - 9 PM,Experienced in Hospice and Palliative Care,
141,Dennie,Internists,.@yopmail.com,414,17,11 AM - 9 PM,Experienced in Internists,
968,Kathy,Pediatrics,.@yopmail.com,415,3,11 AM - 9 PM,Experienced in Pediatrics,
605,Shauna,Surgery,.@yopmail.com,416,8,10 AM - 8 PM,Experienced in Surgery,
669,Fredericka,Surgery,.@yopmail.com,417,7,11 AM - 9 PM,Experienced in Surgery,
494,Mildrid,Geriatrician,.@yopmail.com,418,13,8 AM - 6 PM,Experienced in Geriatrician,
944,Elena,Allergists,.@yopmail.com,419,23,8 AM - 6 PM,Experienced in Allergists,
319,Betta,Anesthesiology,.@yopmail.com,420,9,11 AM - 9 PM,Experienced in Anesthesiology,
757,Gwyneth,Neurology,.@yopmail.com,421,8,11 AM - 9 PM,Experienced in Neurology,
254,Moyna,Cardiology,.@yopmail.com,422,12,7 AM - 5 PM,Experienced in Cardiology,
560,Zsa Zsa,Ophthalmology,.@yopmail.com,423,10,8 AM - 6 PM,Experienced in Ophthalmology,
269,Kate,Pulmonologists,.@yopmail.com,424,15,11 AM - 9 PM,Experienced in Pulmonologists,
255,Harmonia,Nephrology,.@yopmail.com,425,15,9 AM - 7 PM,Experienced in Nephrology,
618,Hayley,Pediatrics,.@yopmail.com,426,4,10 AM - 8 PM,Experienced in Pediatrics,
847,Nita,Gastroenterology,.@yopmail.com,427,26,10 AM - 8 PM,Experienced in Gastroenterology,
826,Kylynn,Allergists,.@yopmail.com,428,15,8 AM - 6 PM,Experienced in Allergists,
139,Aurelie,Surgery,.@yopmail.com,429,2,11 AM - 9 PM,Experienced in Surgery,
378,Wanda,Ophthalmology,.@yopmail.com,430,7,11 AM - 9 PM,Experienced in Ophthalmology,
728,Doralynne,Hospice and Palliative Care,.@yopmail.com,431,16,8 AM - 6 PM,Experienced in Hospice and Palliative Care,
400,Moyna,Critical Care Medicine,.@yopmail.com,432,11,7 AM - 5 PM,Experienced in Critical Care Medicine,
138,Rosaline,Pulmonologists,.@yopmail.com,433,14,7 AM - 5 PM,Experienced in Pulmonologists,
678,Dacia,Endocrinologist,.@yopmail.com,434,2,9 AM - 7 PM,Experienced in Endocrinologist,
745,Kaia,Ophthalmology,.@yopmail.com,435,25,10 AM - 8 PM,Experienced in Ophthalmology,
136,Veda,Ophthalmology,.@yopmail.com,436,12,8 AM - 6 PM,Experienced in Ophthalmology,
768,Giustina,Gastroenterology,.@yopmail.com,437,18,9 AM - 7 PM,Experienced in Gastroenterology,
767,Joeann,Obstetric Anesthesiologists,.@yopmail.com,438,17,7 AM - 5 PM,Experienced in Obstetric Anesthesiologists,
675,Brietta,Pediatrics,.@yopmail.com,439,27,10 AM - 8 PM,Experienced in Pediatrics,
898,Georgetta,Internists,.@yopmail.com,440,14,9 AM - 7 PM,Experienced in Internists,
733,Teriann,Hospice and Palliative Care,.@yopmail.com,441,5,11 AM - 9 PM,Experienced in Hospice and Palliative Care,
816,Shaine,Anesthesiology,.@yopmail.com,442,11,7 AM - 5 PM,Experienced in Anesthesiology,
949,Gilligan,Gastroenterology,.@yopmail.com,443,30,11 AM - 9 PM,Experienced in Gastroenterology,
978,Lila,Family Medicine,.@yopmail.com,444,1,7 AM - 5 PM,Experienced in Family Medicine,
943,Doro,Obstetric Anesthesiologists,.@yopmail.com,445,14,8 AM - 6 PM,Experienced in Obstetric Anesthesiologists,
238,Patricia,Family Medicine,.@yopmail.com,446,22,10 AM - 8 PM,Experienced in Family Medicine,
680,Adore,Neurology,.@yopmail.com,447,26,10 AM - 8 PM,Experienced in Neurology,
355,Romona,Pediatrics,.@yopmail.com,448,26,7 AM - 5 PM,Experienced in Pediatrics,
155,Alleen,Pulmonologists,.@yopmail.com,449,26,7 AM - 5 PM,Experienced in Pulmonologists,
521,Aeriela,Gastroenterology,.@yopmail.com,450,8,9 AM - 7 PM,Experienced in Gastroenterology,
368,Rhea,Endocrinologist,.@yopmail.com,451,20,11 AM - 9 PM,Experienced in Endocrinologist,
816,Zia,Dermatology,.@yopmail.com,452,14,7 AM - 5 PM,Experienced in Dermatology,
239,Frieda,Internists,.@yopmail.com,453,7,8 AM - 6 PM,Experienced in Internists,
691,Andeee,Endocrinologist,.@yopmail.com,454,7,10 AM - 8 PM,Experienced in Endocrinologist,
452,Rozele,Critical Care Medicine,.@yopmail.com,455,30,9 AM - 7 PM,Experienced in Critical Care Medicine,
296,Brandise,Cardiology,.@yopmail.com,456,11,9 AM - 7 PM,Experienced in Cardiology,
287,Ida,Infectious disease,.@yopmail.com,457,13,8 AM - 6 PM,Experienced in Infectious disease,
534,Carlie,Ophthalmology,.@yopmail.com,458,22,10 AM - 8 PM,Experienced in Ophthalmology,
877,Vevay,Emergency Medicine,.@yopmail.com,459,6,7 AM - 5 PM,Experienced in Emergency Medicine,
964,Emelina,Critical Care Medicine,.@yopmail.com,460,28,9 AM - 7 PM,Experienced in Critical Care Medicine,
760,Willetta,Gastroenterology,.@yopmail.com,461,22,11 AM - 9 PM,Experienced in Gastroenterology,
519,Aaren,Critical Care Medicine,.@yopmail.com,462,28,8 AM - 6 PM,Experienced in Critical Care Medicine,
827,Nonnah,Hospice and Palliative Care,.@yopmail.com,463,25,10 AM - 8 PM,Experienced in Hospice and Palliative Care,
967,Jobi,Gastroenterology,.@yopmail.com,464,8,8 AM - 6 PM,Experienced in Gastroenterology,
694,Tami,Allergists,.@yopmail.com,465,3,11 AM - 9 PM,Experienced in Allergists,
161,Shel,Hospice and Palliative Care,.@yopmail.com,466,15,9 AM - 7 PM,Experienced in Hospice and Palliative Care,
466,Hildegaard,Surgery,.@yopmail.com,467,23,8 AM - 6 PM,Experienced in Surgery,
247,Laurene,Oncologist,.@yopmail.com,468,15,10 AM - 8 PM,Experienced in Oncologist,
362,Viviene,Gastroenterology,.@yopmail.com,469,2,10 AM - 8 PM,Experienced in Gastroenterology,
725,Kary,Internists,.@yopmail.com,470,24,7 AM - 5 PM,Experienced in Internists,
663,Maisey,Obstetric Anesthesiologists,.@yopmail.com,471,4,11 AM - 9 PM,Experienced in Obstetric Anesthesiologists,
126,Marleah,Gastroenterology,.@yopmail.com,472,14,7 AM - 5 PM,Experienced in Gastroenterology,
926,Sashenka,Radiology,.@yopmail.com,473,7,11 AM - 9 PM,Experienced in Radiology,
587,Starla,Neurology,.@yopmail.com,474,20,7 AM - 5 PM,Experienced in Neurology,
593,Karena,Neurology,.@yopmail.com,475,19,11 AM - 9 PM,Experienced in Neurology,
265,Joelly,Ophthalmology,.@yopmail.com,476,8,9 AM - 7 PM,Experienced in Ophthalmology,
868,Livvyy,Cardiology,.@yopmail.com,477,19,8 AM - 6 PM,Experienced in Cardiology,
228,Dagmar,Internists,.@yopmail.com,478,7,10 AM - 8 PM,Experienced in Internists,
651,Emelina,Family Medicine,.@yopmail.com,479,26,8 AM - 6 PM,Experienced in Family Medicine,
459,Jenilee,Internists,.@yopmail.com,480,4,7 AM - 5 PM,Experienced in Internists,
977,June,Emergency Medicine,.@yopmail.com,481,14,8 AM - 6 PM,Experienced in Emergency Medicine,
800,Hermione,Radiology,.@yopmail.com,482,4,7 AM - 5 PM,Experienced in Radiology,
887,Marita,Infectious disease,.@yopmail.com,483,9,8 AM - 6 PM,Experienced in Infectious disease,
442,Randa,Dermatology,.@yopmail.com,484,22,8 AM - 6 PM,Experienced in Dermatology,
626,Glynnis,Infectious disease,.@yopmail.com,485,29,8 AM - 6 PM,Experienced in Infectious disease,
256,Carlie,Dermatology,.@yopmail.com,486,11,7 AM - 5 PM,Experienced in Dermatology,
861,Cyndie,Dermatology,.@yopmail.com,487,30,8 AM - 6 PM,Experienced in Dermatology,
651,Lolita,Family Medicine,.@yopmail.com,488,10,7 AM - 5 PM,Experienced in Family Medicine,
808,Agnese,Gastroenterology,.@yopmail.com,489,1,7 AM - 5 PM,Experienced in Gastroenterology,
397,Merry,Internists,.@yopmail.com,490,11,8 AM - 6 PM,Experienced in Internists,
913,Kelly,Ophthalmology,.@yopmail.com,491,12,9 AM - 7 PM,Experienced in Ophthalmology,
652,Marguerite,Gastroenterology,.@yopmail.com,492,30,11 AM - 9 PM,Experienced in Gastroenterology,
937,Robinia,Cardiology,.@yopmail.com,493,7,9 AM - 7 PM,Experienced in Cardiology,
858,Jolyn,Infectious disease,.@yopmail.com,494,14,11 AM - 9 PM,Experienced in Infectious disease,
383,Catrina,Pulmonologists,.@yopmail.com,495,29,11 AM - 9 PM,Experienced in Pulmonologists,
738,Emilia,Pediatrics,.@yopmail.com,496,15,8 AM - 6 PM,Experienced in Pediatrics,
792,Leanna,Anesthesiology,.@yopmail.com,497,21,11 AM - 9 PM,Experienced in Anesthesiology,
542,Sandie,Infectious disease,.@yopmail.com,498,30,10 AM - 8 PM,Experienced in Infectious disease,
131,Ana,Allergists,.@yopmail.com,499,30,7 AM - 5 PM,Experienced in Allergists,
475,Mariele,Anesthesiology,.@yopmail.com,500,19,9 AM - 7 PM,Experienced in Anesthesiology,
245,Margalo,Infectious disease,.@yopmail.com,501,7,7 AM - 5 PM,Experienced in Infectious disease,
978,Albertina,Emergency Medicine,.@yopmail.com,502,30,8 AM - 6 PM,Experienced in Emergency Medicine,
389,Max,Infectious disease,.@yopmail.com,503,1,8 AM - 6 PM,Experienced in Infectious disease,
556,Wileen,Surgery,.@yopmail.com,504,7,8 AM - 6 PM,Experienced in Surgery,
141,Harrietta,Anesthesiology,.@yopmail.com,505,20,11 AM - 9 PM,Experienced in Anesthesiology,
849,Florie,Family Medicine,.@yopmail.com,506,8,11 AM - 9 PM,Experienced in Family Medicine,
183,Janenna,Radiology,.@yopmail.com,507,29,7 AM - 5 PM,Experienced in Radiology,
261,Kylynn,Gastroenterology,.@yopmail.com,508,16,7 AM - 5 PM,Experienced in Gastroenterology,
154,Leanna,Pulmonologists,.@yopmail.com,509,8,7 AM - 5 PM,Experienced in Pulmonologists,
886,Lanna,Neurology,.@yopmail.com,510,9,8 AM - 6 PM,Experienced in Neurology,
340,Sheelagh,Infectious disease,.@yopmail.com,511,7,11 AM - 9 PM,Experienced in Infectious disease,
551,Morganica,Allergists,.@yopmail.com,512,19,8 AM - 6 PM,Experienced in Allergists,
879,Minda,Internists,.@yopmail.com,513,24,7 AM - 5 PM,Experienced in Internists,
564,Mahalia,Allergists,.@yopmail.com,514,18,11 AM - 9 PM,Experienced in Allergists,
807,Nollie,Anesthesiology,.@yopmail.com,515,10,10 AM - 8 PM,Experienced in Anesthesiology,
825,Roberta,Obstetric Anesthesiologists,.@yopmail.com,516,25,9 AM - 7 PM,Experienced in Obstetric Anesthesiologists,
106,Constance,Geriatrician,.@yopmail.com,517,11,7 AM - 5 PM,Experienced in Geriatrician,
223,Konstance,Gastroenterology,.@yopmail.com,518,24,9 AM - 7 PM,Experienced in Gastroenterology,
181,Nessie,Neurology,.@yopmail.com,519,28,10 AM - 8 PM,Experienced in Neurology,
534,Marnia,Anesthesiology,.@yopmail.com,520,21,8 AM - 6 PM,Experienced in Anesthesiology,
935,Netty,Anesthesiology,.@yopmail.com,521,3,8 AM - 6 PM,Experienced in Anesthesiology,
612,Tori,Oncologist,.@yopmail.com,522,9,11 AM - 9 PM,Experienced in Oncologist,
746,Gusty,Radiology,.@yopmail.com,523,1,11 AM - 9 PM,Experienced in Radiology,
831,Kristina,Internists,.@yopmail.com,524,5,9 AM - 7 PM,Experienced in Internists,
947,Carolina,Pulmonologists,.@yopmail.com,525,19,11 AM - 9 PM,Experienced in Pulmonologists,
427,Jeanna,Obstetric Anesthesiologists,.@yopmail.com,526,11,11 AM - 9 PM,Experienced in Obstetric Anesthesiologists,
276,Aubrie,Neurology,.@yopmail.com,527,2,11 AM - 9 PM,Experienced in Neurology,
352,Ellette,Internists,.@yopmail.com,528,30,11 AM - 9 PM,Experienced in Internists,
880,Imojean,Infectious disease,.@yopmail.com,529,14,10 AM - 8 PM,Experienced in Infectious disease,
532,Mureil,Infectious disease,.@yopmail.com,530,27,8 AM - 6 PM,Experienced in Infectious disease,
448,Lita,Ophthalmology,.@yopmail.com,531,3,11 AM - 9 PM,Experienced in Ophthalmology,
949,Lesly,Ophthalmology,.@yopmail.com,532,10,11 AM - 9 PM,Experienced in Ophthalmology,
926,Jenda,Family Medicine,.@yopmail.com,533,4,7 AM - 5 PM,Experienced in Family Medicine,
805,Magdalena,Obstetric Anesthesiologists,.@yopmail.com,534,5,11 AM - 9 PM,Experienced in Obstetric Anesthesiologists,
147,Shaylyn,Ophthalmology,.@yopmail.com,535,16,9 AM - 7 PM,Experienced in Ophthalmology,
845,Jaclyn,Otolaryngologists,.@yopmail.com,536,25,8 AM - 6 PM,Experienced in Otolaryngologists,
999,Wynne,Infectious disease,.@yopmail.com,537,12,9 AM - 7 PM,Experienced in Infectious disease,
512,Arlina,Pediatrics,.@yopmail.com,538,6,8 AM - 6 PM,Experienced in Pediatrics,
460,Tani,Emergency Medicine,.@yopmail.com,539,23,10 AM - 8 PM,Experienced in Emergency Medicine,
383,Dyann,Radiology,.@yopmail.com,540,6,11 AM - 9 PM,Experienced in Radiology,
828,Sheree,Neurology,.@yopmail.com,541,18,8 AM - 6 PM,Experienced in Neurology,
820,Michaelina,Neurology,.@yopmail.com,542,30,8 AM - 6 PM,Experienced in Neurology,
179,Petronia,Anesthesiology,.@yopmail.com,543,12,8 AM - 6 PM,Experienced in Anesthesiology,
445,Margarette,Psychiatry,.@yopmail.com,544,24,11 AM - 9 PM,Experienced in Psychiatry,
377,Laurene,Pulmonologists,.@yopmail.com,545,4,11 AM - 9 PM,Experienced in Pulmonologists,
750,Dode,Obstetric Anesthesiologists,.@yopmail.com,546,1,10 AM - 8 PM,Experienced in Obstetric Anesthesiologists,
705,Dominga,Critical Care Medicine,.@yopmail.com,547,7,8 AM - 6 PM,Experienced in Critical Care Medicine,
124,Max,Otolaryngologists,.@yopmail.com,548,29,10 AM - 8 PM,Experienced in Otolaryngologists,
247,Ursulina,Nephrology,.@yopmail.com,549,28,9 AM - 7 PM,Experienced in Nephrology,
522,Asia,Dermatology,.@yopmail.com,550,17,8 AM - 6 PM,Experienced in Dermatology,
115,Ronna,Endocrinologist,.@yopmail.com,551,15,9 AM - 7 PM,Experienced in Endocrinologist,
229,Krystle,Nephrology,.@yopmail.com,552,1,11 AM - 9 PM,Experienced in Nephrology,
118,Vanessa,Otolaryngologists,.@yopmail.com,553,20,10 AM - 8 PM,Experienced in Otolaryngologists,
435,Randa,Critical Care Medicine,.@yopmail.com,554,23,10 AM - 8 PM,Experienced in Critical Care Medicine,
814,Rani,Gastroenterology,.@yopmail.com,555,1,8 AM - 6 PM,Experienced in Gastroenterology,
775,Tera,Dermatology,.@yopmail.com,556,28,11 AM - 9 PM,Experienced in Dermatology,
463,Edith,Psychiatry,.@yopmail.com,557,7,7 AM - 5 PM,Experienced in Psychiatry,
345,Dorthy,Pediatrics,.@yopmail.com,558,8,9 AM - 7 PM,Experienced in Pediatrics,
573,Gerianna,Pulmonologists,.@yopmail.com,559,29,7 AM - 5 PM,Experienced in Pulmonologists,
920,Carilyn,Allergists,.@yopmail.com,560,30,8 AM - 6 PM,Experienced in Allergists,
281,Zondra,Radiology,.@yopmail.com,561,25,10 AM - 8 PM,Experienced in Radiology,
136,Nita,Geriatrician,.@yopmail.com,562,25,10 AM - 8 PM,Experienced in Geriatrician,
857,Bobbi,Oncologist,.@yopmail.com,563,5,8 AM - 6 PM,Experienced in Oncologist,
124,Ninnetta,Pulmonologists,.@yopmail.com,564,12,8 AM - 6 PM,Experienced in Pulmonologists,
930,Lynde,Radiology,.@yopmail.com,565,17,10 AM - 8 PM,Experienced in Radiology,
217,Vanessa,Internists,.@yopmail.com,566,11,9 AM - 7 PM,Experienced in Internists,
408,Pamella,Nephrology,.@yopmail.com,567,13,11 AM - 9 PM,Experienced in Nephrology,
943,Henriette,Endocrinologist,.@yopmail.com,568,17,9 AM - 7 PM,Experienced in Endocrinologist,
716,Zia,Ophthalmology,.@yopmail.com,569,30,8 AM - 6 PM,Experienced in Ophthalmology,
769,Blondelle,Endocrinologist,.@yopmail.com,570,14,7 AM - 5 PM,Experienced in Endocrinologist,
747,Mureil,Endocrinologist,.@yopmail.com,571,29,7 AM - 5 PM,Experienced in Endocrinologist,
742,Gui,Allergists,.@yopmail.com,572,3,11 AM - 9 PM,Experienced in Allergists,
560,Riannon,Allergists,.@yopmail.com,573,15,10 AM - 8 PM,Experienced in Allergists,
683,Nerta,Ophthalmology,.@yopmail.com,574,23,10 AM - 8 PM,Experienced in Ophthalmology,
288,Tierney,Cardiology,.@yopmail.com,575,4,11 AM - 9 PM,Experienced in Cardiology,
486,Janis,Nephrology,.@yopmail.com,576,30,11 AM - 9 PM,Experienced in Nephrology,
779,Nerta,Gastroenterology,.@yopmail.com,577,15,9 AM - 7 PM,Experienced in Gastroenterology,
488,Rosanne,Geriatrician,.@yopmail.com,578,30,11 AM - 9 PM,Experienced in Geriatrician,
558,Adriana,Ophthalmology,.@yopmail.com,579,19,11 AM - 9 PM,Experienced in Ophthalmology,
126,Fernande,Ophthalmology,.@yopmail.com,580,9,8 AM - 6 PM,Experienced in Ophthalmology,
486,Josephine,Emergency Medicine,.@yopmail.com,581,15,9 AM - 7 PM,Experienced in Emergency Medicine,
108,Addia,Surgery,.@yopmail.com,582,21,10 AM - 8 PM,Experienced in Surgery,
500,Verla,Emergency Medicine,.@yopmail.com,583,1,11 AM - 9 PM,Experienced in Emergency Medicine,
191,Britte,Neurology,.@yopmail.com,584,6,11 AM - 9 PM,Experienced in Neurology,
265,Sophia,Nephrology,.@yopmail.com,585,27,7 AM - 5 PM,Experienced in Nephrology,
236,Glenda,Neurology,.@yopmail.com,586,28,9 AM - 7 PM,Experienced in Neurology,
639,Arabel,Pediatrics,.@yopmail.com,587,30,9 AM - 7 PM,Experienced in Pediatrics,
804,Rivalee,Nephrology,.@yopmail.com,588,22,8 AM - 6 PM,Experienced in Nephrology,
365,Ricky,Infectious disease,.@yopmail.com,589,6,10 AM - 8 PM,Experienced in Infectious disease,
764,Lolita,Nephrology,.@yopmail.com,590,19,7 AM - 5 PM,Experienced in Nephrology,
519,Sarette,Neurology,.@yopmail.com,591,10,7 AM - 5 PM,Experienced in Neurology,
954,Grier,Allergists,.@yopmail.com,592,6,8 AM - 6 PM,Experienced in Allergists,
828,Roxane,Allergists,.@yopmail.com,593,10,9 AM - 7 PM,Experienced in Allergists,
581,Myriam,Cardiology,.@yopmail.com,594,14,10 AM - 8 PM,Experienced in Cardiology,
903,Lindie,Emergency Medicine,.@yopmail.com,595,29,10 AM - 8 PM,Experienced in Emergency Medicine,
173,Bobinette,Oncologist,.@yopmail.com,596,24,10 AM - 8 PM,Experienced in Oncologist,
831,Calla,Hospice and Palliative Care,.@yopmail.com,597,6,7 AM - 5 PM,Experienced in Hospice and Palliative Care,
596,Estell,Geriatrician,.@yopmail.com,598,4,7 AM - 5 PM,Experienced in Geriatrician,
971,Moyna,Infectious disease,.@yopmail.com,599,24,7 AM - 5 PM,Experienced in Infectious disease,
197,Ofilia,Pulmonologists,.@yopmail.com,600,10,9 AM - 7 PM,Experienced in Pulmonologists,
386,Selia,Dermatology,.@yopmail.com,601,15,8 AM - 6 PM,Experienced in Dermatology,
838,Michaelina,Dermatology,.@yopmail.com,602,7,9 AM - 7 PM,Experienced in Dermatology,
319,Shel,Ophthalmology,.@yopmail.com,603,6,8 AM - 6 PM,Experienced in Ophthalmology,
214,Gretal,Neurology,.@yopmail.com,604,4,11 AM - 9 PM,Experienced in Neurology,
790,Cacilie,Family Medicine,.@yopmail.com,605,7,9 AM - 7 PM,Experienced in Family Medicine,
365,Nita,Family Medicine,.@yopmail.com,606,22,11 AM - 9 PM,Experienced in Family Medicine,
936,Isa,Obstetric Anesthesiologists,.@yopmail.com,607,9,8 AM - 6 PM,Experienced in Obstetric Anesthesiologists,
745,Verla,Neurology,.@yopmail.com,608,5,7 AM - 5 PM,Experienced in Neurology,
734,Dotty,Cardiology,.@yopmail.com,609,20,8 AM - 6 PM,Experienced in Cardiology,
349,Ofilia,Endocrinologist,.@yopmail.com,610,29,8 AM - 6 PM,Experienced in Endocrinologist,
285,Gabriellia,Internists,.@yopmail.com,611,3,11 AM - 9 PM,Experienced in Internists,
612,Candi,Dermatology,.@yopmail.com,612,16,9 AM - 7 PM,Experienced in Dermatology,
516,Corene,Oncologist,.@yopmail.com,613,2,10 AM - 8 PM,Experienced in Oncologist,
162,Tiffie,Otolaryngologists,.@yopmail.com,614,25,11 AM - 9 PM,Experienced in Otolaryngologists,
405,Correy,Internists,.@yopmail.com,615,7,8 AM - 6 PM,Experienced in Internists,
692,Giustina,Radiology,.@yopmail.com,616,17,9 AM - 7 PM,Experienced in Radiology,
814,Lorie,Ophthalmology,.@yopmail.com,617,16,7 AM - 5 PM,Experienced in Ophthalmology,
423,Adore,Anesthesiology,.@yopmail.com,618,11,7 AM - 5 PM,Experienced in Anesthesiology,
226,Cyndie,Cardiology,.@yopmail.com,619,2,7 AM - 5 PM,Experienced in Cardiology,
752,Glenda,Allergists,.@yopmail.com,620,19,8 AM - 6 PM,Experienced in Allergists,
266,Tera,Pulmonologists,.@yopmail.com,621,15,7 AM - 5 PM,Experienced in Pulmonologists,
664,Emma,Psychiatry,.@yopmail.com,622,21,8 AM - 6 PM,Experienced in Psychiatry,
892,Ricky,Obstetric Anesthesiologists,.@yopmail.com,623,3,9 AM - 7 PM,Experienced in Obstetric Anesthesiologists,
681,Addia,Obstetric Anesthesiologists,.@yopmail.com,624,6,7 AM - 5 PM,Experienced in Obstetric Anesthesiologists,
354,Tersina,Neurology,.@yopmail.com,625,6,9 AM - 7 PM,Experienced in Neurology,
341,Camile,Oncologist,.@yopmail.com,626,28,9 AM - 7 PM,Experienced in Oncologist,
353,Flory,Allergists,.@yopmail.com,627,10,8 AM - 6 PM,Experienced in Allergists,
789,Karena,Pulmonologists,.@yopmail.com,628,3,10 AM - 8 PM,Experienced in Pulmonologists,
563,Chere,Geriatrician,.@yopmail.com,629,8,7 AM - 5 PM,Experienced in Geriatrician,
687,Juliane,Dermatology,.@yopmail.com,630,17,7 AM - 5 PM,Experienced in Dermatology,
786,Claresta,Oncologist,.@yopmail.com,631,14,8 AM - 6 PM,Experienced in Oncologist,
785,Jaime,Endocrinologist,.@yopmail.com,632,12,7 AM - 5 PM,Experienced in Endocrinologist,
746,Jinny,Infectious disease,.@yopmail.com,633,15,9 AM - 7 PM,Experienced in Infectious disease,
860,Ericka,Critical Care Medicine,.@yopmail.com,634,27,11 AM - 9 PM,Experienced in Critical Care Medicine,
742,Maud,Allergists,.@yopmail.com,635,3,11 AM - 9 PM,Experienced in Allergists,
712,Liana,Internists,.@yopmail.com,636,2,9 AM - 7 PM,Experienced in Internists,
556,Stacey,Anesthesiology,.@yopmail.com,637,18,10 AM - 8 PM,Experienced in Anesthesiology,
352,Lacie,Internists,.@yopmail.com,638,30,10 AM - 8 PM,Experienced in Internists,
117,Rhea,Anesthesiology,.@yopmail.com,639,13,7 AM - 5 PM,Experienced in Anesthesiology,
143,Rebeca,Critical Care Medicine,.@yopmail.com,640,10,10 AM - 8 PM,Experienced in Critical Care Medicine,
371,Maridel,Allergists,.@yopmail.com,641,2,8 AM - 6 PM,Experienced in Allergists,
480,Leontine,Infectious disease,.@yopmail.com,642,2,7 AM - 5 PM,Experienced in Infectious disease,
237,Suzette,Cardiology,.@yopmail.com,643,22,8 AM - 6 PM,Experienced in Cardiology,
971,Lanna,Internists,.@yopmail.com,644,13,9 AM - 7 PM,Experienced in Internists,
163,Nataline,Emergency Medicine,.@yopmail.com,645,23,8 AM - 6 PM,Experienced in Emergency Medicine,
495,Annora,Radiology,.@yopmail.com,646,24,9 AM - 7 PM,Experienced in Radiology,
845,Sheelagh,Ophthalmology,.@yopmail.com,647,14,7 AM - 5 PM,Experienced in Ophthalmology,
946,Zsa Zsa,Oncologist,.@yopmail.com,648,23,7 AM - 5 PM,Experienced in Oncologist,
932,Ira,Otolaryngologists,.@yopmail.com,649,25,7 AM - 5 PM,Experienced in Otolaryngologists,
140,Mureil,Surgery,.@yopmail.com,650,23,7 AM - 5 PM,Experienced in Surgery,
147,Gusella,Neurology,.@yopmail.com,651,9,8 AM - 6 PM,Experienced in Neurology,
665,Ricky,Anesthesiology,.@yopmail.com,652,13,8 AM - 6 PM,Experienced in Anesthesiology,
920,Catrina,Hospice and Palliative Care,.@yopmail.com,653,24,8 AM - 6 PM,Experienced in Hospice and Palliative Care,
951,Priscilla,Obstetric Anesthesiologists,.@yopmail.com,654,30,8 AM - 6 PM,Experienced in Obstetric Anesthesiologists,
691,Wynne,Psychiatry,.@yopmail.com,655,23,7 AM - 5 PM,Experienced in Psychiatry,
914,Ronna,Pediatrics,.@yopmail.com,656,13,11 AM - 9 PM,Experienced in Pediatrics,
993,Sadie,Oncologist,.@yopmail.com,657,29,11 AM - 9 PM,Experienced in Oncologist,
948,Kirstin,Surgery,.@yopmail.com,658,29,11 AM - 9 PM,Experienced in Surgery,
245,Jerry,Critical Care Medicine,.@yopmail.com,659,13,9 AM - 7 PM,Experienced in Critical Care Medicine,
355,Latisha,Pediatrics,.@yopmail.com,660,14,11 AM - 9 PM,Experienced in Pediatrics,
207,Rayna,Otolaryngologists,.@yopmail.com,661,21,8 AM - 6 PM,Experienced in Otolaryngologists,
755,Alejandra,Internists,.@yopmail.com,662,13,10 AM - 8 PM,Experienced in Internists,
521,Frank,Internists,.@yopmail.com,663,1,9 AM - 7 PM,Experienced in Internists,
425,Amara,Psychiatry,.@yopmail.com,664,4,8 AM - 6 PM,Experienced in Psychiatry,
959,Sharai,Geriatrician,.@yopmail.com,665,13,10 AM - 8 PM,Experienced in Geriatrician,
805,Evita,Surgery,.@yopmail.com,666,5,7 AM - 5 PM,Experienced in Surgery,
744,Lolita,Obstetric Anesthesiologists,.@yopmail.com,667,5,8 AM - 6 PM,Experienced in Obstetric Anesthesiologists,
243,Edith,Surgery,.@yopmail.com,668,5,8 AM - 6 PM,Experienced in Surgery,
321,Gloria,Endocrinologist,.@yopmail.com,669,17,9 AM - 7 PM,Experienced in Endocrinologist,
688,Orsola,Pediatrics,.@yopmail.com,670,2,8 AM - 6 PM,Experienced in Pediatrics,
113,Berta,Radiology,.@yopmail.com,671,11,8 AM - 6 PM,Experienced in Radiology,
597,Marti,Geriatrician,.@yopmail.com,672,9,8 AM - 6 PM,Experienced in Geriatrician,
925,Hyacinthe,Allergists,.@yopmail.com,673,5,8 AM - 6 PM,Experienced in Allergists,
909,Jean,Endocrinologist,.@yopmail.com,674,29,11 AM - 9 PM,Experienced in Endocrinologist,
895,Kary,Radiology,.@yopmail.com,675,13,11 AM - 9 PM,Experienced in Radiology,
532,Nickie,Surgery,.@yopmail.com,676,23,11 AM - 9 PM,Experienced in Surgery,
405,Charmaine,Obstetric Anesthesiologists,.@yopmail.com,677,18,11 AM - 9 PM,Experienced in Obstetric Anesthesiologists,
760,Tersina,Pediatrics,.@yopmail.com,678,22,8 AM - 6 PM,Experienced in Pediatrics,
186,Sidoney,Radiology,.@yopmail.com,679,23,7 AM - 5 PM,Experienced in Radiology,
487,Sidoney,Otolaryngologists,.@yopmail.com,680,30,7 AM - 5 PM,Experienced in Otolaryngologists,
786,Hettie,Oncologist,.@yopmail.com,681,23,8 AM - 6 PM,Experienced in Oncologist,
267,Demetris,Emergency Medicine,.@yopmail.com,682,23,11 AM - 9 PM,Experienced in Emergency Medicine,
617,Nelle,Endocrinologist,.@yopmail.com,683,3,7 AM - 5 PM,Experienced in Endocrinologist,
444,Daryl,Internists,.@yopmail.com,684,4,9 AM - 7 PM,Experienced in Internists,
533,Agathe,Pulmonologists,.@yopmail.com,685,20,8 AM - 6 PM,Experienced in Pulmonologists,
566,Halette,Dermatology,.@yopmail.com,686,8,7 AM - 5 PM,Experienced in Dermatology,
497,Tierney,Ophthalmology,.@yopmail.com,687,17,8 AM - 6 PM,Experienced in Ophthalmology,
300,Roxane,Endocrinologist,.@yopmail.com,688,6,7 AM - 5 PM,Experienced in Endocrinologist,
362,Gavrielle,Endocrinologist,.@yopmail.com,689,20,7 AM - 5 PM,Experienced in Endocrinologist,
453,Evaleen,Obstetric Anesthesiologists,.@yopmail.com,690,18,11 AM - 9 PM,Experienced in Obstetric Anesthesiologists,
491,Sara-Ann,Otolaryngologists,.@yopmail.com,691,17,11 AM - 9 PM,Experienced in Otolaryngologists,
749,Liana,Otolaryngologists,.@yopmail.com,692,1,9 AM - 7 PM,Experienced in Otolaryngologists,
231,Ida,Family Medicine,.@yopmail.com,693,15,10 AM - 8 PM,Experienced in Family Medicine,
851,Bertine,Infectious disease,.@yopmail.com,694,29,8 AM - 6 PM,Experienced in Infectious disease,
927,Ezmeralda,Neurology,.@yopmail.com,695,29,7 AM - 5 PM,Experienced in Neurology,
510,Ada,Surgery,.@yopmail.com,696,6,11 AM - 9 PM,Experienced in Surgery,
993,Sam,Hospice and Palliative Care,.@yopmail.com,697,14,10 AM - 8 PM,Experienced in Hospice and Palliative Care,
636,Chrystel,Ophthalmology,.@yopmail.com,698,16,10 AM - 8 PM,Experienced in Ophthalmology,
1000,Brana,Nephrology,.@yopmail.com,699,15,11 AM - 9 PM,Experienced in Nephrology,
476,Lory,Surgery,.@yopmail.com,700,2,11 AM - 9 PM,Experienced in Surgery,
481,Carilyn,Dermatology,.@yopmail.com,701,27,9 AM - 7 PM,Experienced in Dermatology,
474,Karly,Endocrinologist,.@yopmail.com,702,27,7 AM - 5 PM,Experienced in Endocrinologist,
224,Dorene,Emergency Medicine,.@yopmail.com,703,27,7 AM - 5 PM,Experienced in Emergency Medicine,
202,Karlee,Otolaryngologists,.@yopmail.com,704,17,11 AM - 9 PM,Experienced in Otolaryngologists,
603,Annora,Cardiology,.@yopmail.com,705,24,9 AM - 7 PM,Experienced in Cardiology,
911,Penelopa,Hospice and Palliative Care,.@yopmail.com,706,12,9 AM - 7 PM,Experienced in Hospice and Palliative Care,
763,Vonny,Allergists,.@yopmail.com,707,13,7 AM - 5 PM,Experienced in Allergists,
347,Jacquetta,Psychiatry,.@yopmail.com,708,14,11 AM - 9 PM,Experienced in Psychiatry,
430,Eolanda,Allergists,.@yopmail.com,709,26,11 AM - 9 PM,Experienced in Allergists,
415,Lacie,Infectious disease,.@yopmail.com,710,17,8 AM - 6 PM,Experienced in Infectious disease,
157,Belinda,Gastroenterology,.@yopmail.com,711,6,11 AM - 9 PM,Experienced in Gastroenterology,
344,Maryellen,Family Medicine,.@yopmail.com,712,23,11 AM - 9 PM,Experienced in Family Medicine,
917,Addia,Endocrinologist,.@yopmail.com,713,25,10 AM - 8 PM,Experienced in Endocrinologist,
964,Roberta,Otolaryngologists,.@yopmail.com,714,21,7 AM - 5 PM,Experienced in Otolaryngologists,
388,Queenie,Anesthesiology,.@yopmail.com,715,24,11 AM - 9 PM,Experienced in Anesthesiology,
433,Beverley,Anesthesiology,.@yopmail.com,716,15,9 AM - 7 PM,Experienced in Anesthesiology,
308,Glynnis,Neurology,.@yopmail.com,717,21,8 AM - 6 PM,Experienced in Neurology,
681,Susan,Internists,.@yopmail.com,718,10,11 AM - 9 PM,Experienced in Internists,
661,Darlleen,Cardiology,.@yopmail.com,719,9,11 AM - 9 PM,Experienced in Cardiology,
115,Joeann,Nephrology,.@yopmail.com,720,15,11 AM - 9 PM,Experienced in Nephrology,
878,Cassondra,Endocrinologist,.@yopmail.com,721,17,8 AM - 6 PM,Experienced in Endocrinologist,
214,Donetta,Emergency Medicine,.@yopmail.com,722,13,7 AM - 5 PM,Experienced in Emergency Medicine,
156,Jinny,Emergency Medicine,.@yopmail.com,723,20,7 AM - 5 PM,Experienced in Emergency Medicine,
242,Blondelle,Gastroenterology,.@yopmail.com,724,7,9 AM - 7 PM,Experienced in Gastroenterology,
284,Lila,Surgery,.@yopmail.com,725,24,11 AM - 9 PM,Experienced in Surgery,
915,Jessy,Endocrinologist,.@yopmail.com,726,21,8 AM - 6 PM,Experienced in Endocrinologist,
309,Sybille,Pediatrics,.@yopmail.com,727,27,7 AM - 5 PM,Experienced in Pediatrics,
179,Justinn,Psychiatry,.@yopmail.com,728,22,10 AM - 8 PM,Experienced in Psychiatry,
126,Kara-Lynn,Radiology,.@yopmail.com,729,4,8 AM - 6 PM,Experienced in Radiology,
558,Mariele,Ophthalmology,.@yopmail.com,730,12,8 AM - 6 PM,Experienced in Ophthalmology,
530,Jeanna,Critical Care Medicine,.@yopmail.com,731,21,7 AM - 5 PM,Experienced in Critical Care Medicine,
707,Flo,Oncologist,.@yopmail.com,732,28,9 AM - 7 PM,Experienced in Oncologist,
600,Jsandye,Geriatrician,.@yopmail.com,733,4,10 AM - 8 PM,Experienced in Geriatrician,
934,Quintina,Ophthalmology,.@yopmail.com,734,28,7 AM - 5 PM,Experienced in Ophthalmology,
256,Constance,Dermatology,.@yopmail.com,735,6,10 AM - 8 PM,Experienced in Dermatology,
528,Pierette,Gastroenterology,.@yopmail.com,736,24,9 AM - 7 PM,Experienced in Gastroenterology,
612,Barbi,Oncologist,.@yopmail.com,737,21,8 AM - 6 PM,Experienced in Oncologist,
638,Molli,Hospice and Palliative Care,.@yopmail.com,738,22,8 AM - 6 PM,Experienced in Hospice and Palliative Care,
944,Jolyn,Internists,.@yopmail.com,739,12,9 AM - 7 PM,Experienced in Internists,
443,Renie,Nephrology,.@yopmail.com,740,1,9 AM - 7 PM,Experienced in Nephrology,
953,Andeee,Surgery,.@yopmail.com,741,26,11 AM - 9 PM,Experienced in Surgery,
227,Magdalena,Surgery,.@yopmail.com,742,15,9 AM - 7 PM,Experienced in Surgery,
975,Georgetta,Hospice and Palliative Care,.@yopmail.com,743,8,8 AM - 6 PM,Experienced in Hospice and Palliative Care,
117,Lita,Otolaryngologists,.@yopmail.com,744,5,7 AM - 5 PM,Experienced in Otolaryngologists,
416,Fayre,Ophthalmology,.@yopmail.com,745,19,7 AM - 5 PM,Experienced in Ophthalmology,
955,Nollie,Endocrinologist,.@yopmail.com,746,2,9 AM - 7 PM,Experienced in Endocrinologist,
923,Lindie,Hospice and Palliative Care,.@yopmail.com,747,2,11 AM - 9 PM,Experienced in Hospice and Palliative Care,
354,Mary,Family Medicine,.@yopmail.com,748,18,10 AM - 8 PM,Experienced in Family Medicine,
773,Reeba,Geriatrician,.@yopmail.com,749,2,10 AM - 8 PM,Experienced in Geriatrician,
437,Tera,Nephrology,.@yopmail.com,750,25,10 AM - 8 PM,Experienced in Nephrology,
812,Marylou,Internists,.@yopmail.com,751,2,11 AM - 9 PM,Experienced in Internists,
976,Netty,Neurology,.@yopmail.com,752,14,9 AM - 7 PM,Experienced in Neurology,
720,Danny,Otolaryngologists,.@yopmail.com,753,12,9 AM - 7 PM,Experienced in Otolaryngologists,
603,Patricia,Cardiology,.@yopmail.com,754,25,11 AM - 9 PM,Experienced in Cardiology,
418,Danny,Ophthalmology,.@yopmail.com,755,12,10 AM - 8 PM,Experienced in Ophthalmology,
734,Riannon,Pulmonologists,.@yopmail.com,756,11,9 AM - 7 PM,Experienced in Pulmonologists,
372,Myrtice,Geriatrician,.@yopmail.com,757,11,11 AM - 9 PM,Experienced in Geriatrician,
881,Louella,Anesthesiology,.@yopmail.com,758,7,7 AM - 5 PM,Experienced in Anesthesiology,
654,Danika,Infectious disease,.@yopmail.com,759,10,10 AM - 8 PM,Experienced in Infectious disease,
561,Elka,Infectious disease,.@yopmail.com,760,14,9 AM - 7 PM,Experienced in Infectious disease,
900,Norine,Radiology,.@yopmail.com,761,1,10 AM - 8 PM,Experienced in Radiology,
452,Esmeralda,Psychiatry,.@yopmail.com,762,18,8 AM - 6 PM,Experienced in Psychiatry,
849,Ketti,Infectious disease,.@yopmail.com,763,26,10 AM - 8 PM,Experienced in Infectious disease,
528,Deirdre,Neurology,.@yopmail.com,764,30,7 AM - 5 PM,Experienced in Neurology,
450,Rhea,Cardiology,.@yopmail.com,765,19,7 AM - 5 PM,Experienced in Cardiology,
878,Kara-Lynn,Infectious disease,.@yopmail.com,766,4,8 AM - 6 PM,Experienced in Infectious disease,
274,Damaris,Neurology,.@yopmail.com,767,20,7 AM - 5 PM,Experienced in Neurology,
374,Giustina,Nephrology,.@yopmail.com,768,30,7 AM - 5 PM,Experienced in Nephrology,
619,Shannah,Allergists,.@yopmail.com,769,18,11 AM - 9 PM,Experienced in Allergists,
476,Shannah,Cardiology,.@yopmail.com,770,25,8 AM - 6 PM,Experienced in Cardiology,
236,Darlleen,Emergency Medicine,.@yopmail.com,771,6,8 AM - 6 PM,Experienced in Emergency Medicine,
461,Albertina,Otolaryngologists,.@yopmail.com,772,18,9 AM - 7 PM,Experienced in Otolaryngologists,
291,Gusella,Pulmonologists,.@yopmail.com,773,15,11 AM - 9 PM,Experienced in Pulmonologists,
411,Shel,Psychiatry,.@yopmail.com,774,9,10 AM - 8 PM,Experienced in Psychiatry,
661,Priscilla,Anesthesiology,.@yopmail.com,775,2,7 AM - 5 PM,Experienced in Anesthesiology,
188,Dorice,Otolaryngologists,.@yopmail.com,776,20,11 AM - 9 PM,Experienced in Otolaryngologists,
373,Melodie,Endocrinologist,.@yopmail.com,777,9,11 AM - 9 PM,Experienced in Endocrinologist,
908,Oralee,Surgery,.@yopmail.com,778,18,11 AM - 9 PM,Experienced in Surgery,
594,Bobbi,Allergists,.@yopmail.com,779,29,8 AM - 6 PM,Experienced in Allergists,
788,Leontine,Family Medicine,.@yopmail.com,780,24,7 AM - 5 PM,Experienced in Family Medicine,
612,Dari,Dermatology,.@yopmail.com,781,18,8 AM - 6 PM,Experienced in Dermatology,
243,Arlena,Family Medicine,.@yopmail.com,782,14,9 AM - 7 PM,Experienced in Family Medicine,
916,Annecorinne,Pulmonologists,.@yopmail.com,783,12,9 AM - 7 PM,Experienced in Pulmonologists,
538,Cassondra,Endocrinologist,.@yopmail.com,784,5,10 AM - 8 PM,Experienced in Endocrinologist,
552,Cecile,Internists,.@yopmail.com,785,18,9 AM - 7 PM,Experienced in Internists,
461,Kalina,Obstetric Anesthesiologists,.@yopmail.com,786,1,9 AM - 7 PM,Experienced in Obstetric Anesthesiologists,
949,Catharine,Dermatology,.@yopmail.com,787,27,7 AM - 5 PM,Experienced in Dermatology,
116,Dale,Anesthesiology,.@yopmail.com,788,20,9 AM - 7 PM,Experienced in Anesthesiology,
232,Tani,Geriatrician,.@yopmail.com,789,27,9 AM - 7 PM,Experienced in Geriatrician,
272,Ardeen,Neurology,.@yopmail.com,790,28,8 AM - 6 PM,Experienced in Neurology,
179,Rivalee,Psychiatry,.@yopmail.com,791,10,9 AM - 7 PM,Experienced in Psychiatry,
748,Tomasina,Surgery,.@yopmail.com,792,21,9 AM - 7 PM,Experienced in Surgery,
447,Wileen,Nephrology,.@yopmail.com,793,24,11 AM - 9 PM,Experienced in Nephrology,
582,Petronia,Anesthesiology,.@yopmail.com,794,7,10 AM - 8 PM,Experienced in Anesthesiology,
548,Helena,Family Medicine,.@yopmail.com,795,12,8 AM - 6 PM,Experienced in Family Medicine,
775,Jsandye,Gastroenterology,.@yopmail.com,796,22,11 AM - 9 PM,Experienced in Gastroenterology,
925,Alejandra,Critical Care Medicine,.@yopmail.com,797,10,11 AM - 9 PM,Experienced in Critical Care Medicine,
893,Michaelina,Pulmonologists,.@yopmail.com,798,24,9 AM - 7 PM,Experienced in Pulmonologists,
501,Cathyleen,Psychiatry,.@yopmail.com,799,26,9 AM - 7 PM,Experienced in Psychiatry,
625,Ezmeralda,Anesthesiology,.@yopmail.com,800,1,11 AM - 9 PM,Experienced in Anesthesiology,
877,Rubie,Allergists,.@yopmail.com,801,22,10 AM - 8 PM,Experienced in Allergists,
281,Cyndie,Oncologist,.@yopmail.com,802,23,8 AM - 6 PM,Experienced in Oncologist,
654,Anallese,Otolaryngologists,.@yopmail.com,803,23,10 AM - 8 PM,Experienced in Otolaryngologists,
985,Anestassia,Obstetric Anesthesiologists,.@yopmail.com,804,4,11 AM - 9 PM,Experienced in Obstetric Anesthesiologists,
457,Judy,Endocrinologist,.@yopmail.com,805,3,10 AM - 8 PM,Experienced in Endocrinologist,
759,Leona,Gastroenterology,.@yopmail.com,806,21,11 AM - 9 PM,Experienced in Gastroenterology,
364,Larine,Pediatrics,.@yopmail.com,807,7,10 AM - 8 PM,Experienced in Pediatrics,
838,Dorthy,Geriatrician,.@yopmail.com,808,23,10 AM - 8 PM,Experienced in Geriatrician,
112,Josephine,Pediatrics,.@yopmail.com,809,30,8 AM - 6 PM,Experienced in Pediatrics,
949,Nananne,Surgery,.@yopmail.com,810,13,11 AM - 9 PM,Experienced in Surgery,
810,Briney,Emergency Medicine,.@yopmail.com,811,9,8 AM - 6 PM,Experienced in Emergency Medicine,
702,Clarice,Dermatology,.@yopmail.com,812,16,9 AM - 7 PM,Experienced in Dermatology,
726,Tabbatha,Oncologist,.@yopmail.com,813,10,9 AM - 7 PM,Experienced in Oncologist,
800,Chrystel,Anesthesiology,.@yopmail.com,814,1,10 AM - 8 PM,Experienced in Anesthesiology,
322,Deloria,Otolaryngologists,.@yopmail.com,815,7,10 AM - 8 PM,Experienced in Otolaryngologists,
995,Loree,Anesthesiology,.@yopmail.com,816,25,7 AM - 5 PM,Experienced in Anesthesiology,
898,Elsie,Internists,.@yopmail.com,817,30,8 AM - 6 PM,Experienced in Internists,
811,Kellen,Pediatrics,.@yopmail.com,818,11,8 AM - 6 PM,Experienced in Pediatrics,
713,Chastity,Otolaryngologists,.@yopmail.com,819,6,8 AM - 6 PM,Experienced in Otolaryngologists,
455,Maryellen,Oncologist,.@yopmail.com,820,1,11 AM - 9 PM,Experienced in Oncologist,
599,Abbie,Anesthesiology,.@yopmail.com,821,2,7 AM - 5 PM,Experienced in Anesthesiology,
296,Arlena,Allergists,.@yopmail.com,822,30,11 AM - 9 PM,Experienced in Allergists,
486,Lucy,Geriatrician,.@yopmail.com,823,13,11 AM - 9 PM,Experienced in Geriatrician,
672,Nerta,Geriatrician,.@yopmail.com,824,22,10 AM - 8 PM,Experienced in Geriatrician,
965,Flory,Obstetric Anesthesiologists,.@yopmail.com,825,18,8 AM - 6 PM,Experienced in Obstetric Anesthesiologists,
892,Elora,Radiology,.@yopmail.com,826,16,10 AM - 8 PM,Experienced in Radiology,
519,Tilly,Ophthalmology,.@yopmail.com,827,12,11 AM - 9 PM,Experienced in Ophthalmology,
583,Marcelline,Dermatology,.@yopmail.com,828,1,10 AM - 8 PM,Experienced in Dermatology,
487,Karena,Dermatology,.@yopmail.com,829,20,7 AM - 5 PM,Experienced in Dermatology,
577,Tilly,Obstetric Anesthesiologists,.@yopmail.com,830,5,11 AM - 9 PM,Experienced in Obstetric Anesthesiologists,
630,Amii,Emergency Medicine,.@yopmail.com,831,24,11 AM - 9 PM,Experienced in Emergency Medicine,
275,Danny,Allergists,.@yopmail.com,832,26,7 AM - 5 PM,Experienced in Allergists,
426,Asia,Emergency Medicine,.@yopmail.com,833,9,8 AM - 6 PM,Experienced in Emergency Medicine,
203,Kore,Infectious disease,.@yopmail.com,834,29,9 AM - 7 PM,Experienced in Infectious disease,
990,Elbertina,Psychiatry,.@yopmail.com,835,27,7 AM - 5 PM,Experienced in Psychiatry,
158,Shauna,Surgery,.@yopmail.com,836,10,8 AM - 6 PM,Experienced in Surgery,
897,Vinita,Psychiatry,.@yopmail.com,837,24,9 AM - 7 PM,Experienced in Psychiatry,
182,Belva,Otolaryngologists,.@yopmail.com,838,27,8 AM - 6 PM,Experienced in Otolaryngologists,
536,Dorene,Geriatrician,.@yopmail.com,839,2,9 AM - 7 PM,Experienced in Geriatrician,
277,Chere,Internists,.@yopmail.com,840,19,7 AM - 5 PM,Experienced in Internists,
407,Bill,Hospice and Palliative Care,.@yopmail.com,841,24,7 AM - 5 PM,Experienced in Hospice and Palliative Care,
506,Tersina,Critical Care Medicine,.@yopmail.com,842,7,7 AM - 5 PM,Experienced in Critical Care Medicine,
843,Lanae,Oncologist,.@yopmail.com,843,15,10 AM - 8 PM,Experienced in Oncologist,
142,Felice,Infectious disease,.@yopmail.com,844,10,9 AM - 7 PM,Experienced in Infectious disease,
910,Margette,Surgery,.@yopmail.com,845,15,8 AM - 6 PM,Experienced in Surgery,
702,Renie,Endocrinologist,.@yopmail.com,846,10,7 AM - 5 PM,Experienced in Endocrinologist,
443,Dorene,Cardiology,.@yopmail.com,847,18,9 AM - 7 PM,Experienced in Cardiology,
637,Lorenza,Ophthalmology,.@yopmail.com,848,18,9 AM - 7 PM,Experienced in Ophthalmology,
464,Alex,Internists,.@yopmail.com,849,30,10 AM - 8 PM,Experienced in Internists,
714,Mariann,Obstetric Anesthesiologists,.@yopmail.com,850,27,9 AM - 7 PM,Experienced in Obstetric Anesthesiologists,
800,Elie,Pulmonologists,.@yopmail.com,851,22,11 AM - 9 PM,Experienced in Pulmonologists,
991,Ericka,Dermatology,.@yopmail.com,852,13,9 AM - 7 PM,Experienced in Dermatology,
183,Elmira,Oncologist,.@yopmail.com,853,15,11 AM - 9 PM,Experienced in Oncologist,
898,Doro,Anesthesiology,.@yopmail.com,854,8,11 AM - 9 PM,Experienced in Anesthesiology,
106,Aigneis,Cardiology,.@yopmail.com,855,23,9 AM - 7 PM,Experienced in Cardiology,
633,Laure,Cardiology,.@yopmail.com,856,10,11 AM - 9 PM,Experienced in Cardiology,
418,Ardenia,Pediatrics,.@yopmail.com,857,25,9 AM - 7 PM,Experienced in Pediatrics,
545,Lenna,Emergency Medicine,.@yopmail.com,858,15,8 AM - 6 PM,Experienced in Emergency Medicine,
837,Imojean,Family Medicine,.@yopmail.com,859,17,8 AM - 6 PM,Experienced in Family Medicine,
752,Alex,Surgery,.@yopmail.com,860,30,7 AM - 5 PM,Experienced in Surgery,
493,Micheline,Ophthalmology,.@yopmail.com,861,12,11 AM - 9 PM,Experienced in Ophthalmology,
335,Deedee,Surgery,.@yopmail.com,862,17,9 AM - 7 PM,Experienced in Surgery,
201,Fred,Surgery,.@yopmail.com,863,22,9 AM - 7 PM,Experienced in Surgery,
500,Lanna,Cardiology,.@yopmail.com,864,30,9 AM - 7 PM,Experienced in Cardiology,
329,Natka,Neurology,.@yopmail.com,865,8,10 AM - 8 PM,Experienced in Neurology,
939,Corene,Otolaryngologists,.@yopmail.com,866,24,7 AM - 5 PM,Experienced in Otolaryngologists,
129,Aurelie,Gastroenterology,.@yopmail.com,867,4,7 AM - 5 PM,Experienced in Gastroenterology,
944,Oona,Ophthalmology,.@yopmail.com,868,16,9 AM - 7 PM,Experienced in Ophthalmology,
194,Silvana,Allergists,.@yopmail.com,869,3,7 AM - 5 PM,Experienced in Allergists,
197,Stephanie,Nephrology,.@yopmail.com,870,14,10 AM - 8 PM,Experienced in Nephrology,
830,Anthia,Endocrinologist,.@yopmail.com,871,24,7 AM - 5 PM,Experienced in Endocrinologist,
103,Elie,Endocrinologist,.@yopmail.com,872,2,9 AM - 7 PM,Experienced in Endocrinologist,
265,Jerry,Psychiatry,.@yopmail.com,873,10,7 AM - 5 PM,Experienced in Psychiatry,
485,Merrie,Pediatrics,.@yopmail.com,874,5,7 AM - 5 PM,Experienced in Pediatrics,
344,Alyssa,Geriatrician,.@yopmail.com,875,22,9 AM - 7 PM,Experienced in Geriatrician,
294,Almeta,Allergists,.@yopmail.com,876,29,8 AM - 6 PM,Experienced in Allergists,
147,Joeann,Radiology,.@yopmail.com,877,15,11 AM - 9 PM,Experienced in Radiology,
642,Sallie,Otolaryngologists,.@yopmail.com,878,6,7 AM - 5 PM,Experienced in Otolaryngologists,
555,Corene,Internists,.@yopmail.com,879,17,10 AM - 8 PM,Experienced in Internists,
375,Talya,Surgery,.@yopmail.com,880,7,9 AM - 7 PM,Experienced in Surgery,
490,Gratia,Cardiology,.@yopmail.com,881,26,9 AM - 7 PM,Experienced in Cardiology,
228,Mallory,Hospice and Palliative Care,.@yopmail.com,882,23,7 AM - 5 PM,Experienced in Hospice and Palliative Care,
104,Caritta,Allergists,.@yopmail.com,883,6,10 AM - 8 PM,Experienced in Allergists,
933,Karlee,Internists,.@yopmail.com,884,22,9 AM - 7 PM,Experienced in Internists,
350,Jaclyn,Dermatology,.@yopmail.com,885,30,11 AM - 9 PM,Experienced in Dermatology,
223,Sam,Dermatology,.@yopmail.com,886,20,9 AM - 7 PM,Experienced in Dermatology,
512,Phylis,Gastroenterology,.@yopmail.com,887,29,11 AM - 9 PM,Experienced in Gastroenterology,
919,Lucy,Ophthalmology,.@yopmail.com,888,26,11 AM - 9 PM,Experienced in Ophthalmology,
632,Aili,Emergency Medicine,.@yopmail.com,889,16,10 AM - 8 PM,Experienced in Emergency Medicine,
689,Gabi,Ophthalmology,.@yopmail.com,890,11,8 AM - 6 PM,Experienced in Ophthalmology,
895,Tarra,Psychiatry,.@yopmail.com,891,2,10 AM - 8 PM,Experienced in Psychiatry,
405,Carolina,Infectious disease,.@yopmail.com,892,21,8 AM - 6 PM,Experienced in Infectious disease,
453,Vere,Geriatrician,.@yopmail.com,893,7,11 AM - 9 PM,Experienced in Geriatrician,
449,Elfreda,Obstetric Anesthesiologists,.@yopmail.com,894,13,9 AM - 7 PM,Experienced in Obstetric Anesthesiologists,
900,Mady,Geriatrician,.@yopmail.com,895,2,11 AM - 9 PM,Experienced in Geriatrician,
342,Olivette,Emergency Medicine,.@yopmail.com,896,14,10 AM - 8 PM,Experienced in Emergency Medicine,
600,Marinna,Emergency Medicine,.@yopmail.com,897,21,7 AM - 5 PM,Experienced in Emergency Medicine,
453,Noelle,Geriatrician,.@yopmail.com,898,8,8 AM - 6 PM,Experienced in Geriatrician,
202,Verla,Psychiatry,.@yopmail.com,899,16,11 AM - 9 PM,Experienced in Psychiatry,
417,Deloria,Radiology,.@yopmail.com,900,13,7 AM - 5 PM,Experienced in Radiology,
382,Annice,Psychiatry,.@yopmail.com,901,8,10 AM - 8 PM,Experienced in Psychiatry,
444,Collen,Surgery,.@yopmail.com,902,9,7 AM - 5 PM,Experienced in Surgery,
842,Aaren,Surgery,.@yopmail.com,903,4,8 AM - 6 PM,Experienced in Surgery,
593,Carmela,Pediatrics,.@yopmail.com,904,19,10 AM - 8 PM,Experienced in Pediatrics,
269,Cacilie,Otolaryngologists,.@yopmail.com,905,23,7 AM - 5 PM,Experienced in Otolaryngologists,
450,Magdalena,Pediatrics,.@yopmail.com,906,16,9 AM - 7 PM,Experienced in Pediatrics,
145,Joeann,Otolaryngologists,.@yopmail.com,907,9,10 AM - 8 PM,Experienced in Otolaryngologists,
900,Wendi,Family Medicine,.@yopmail.com,908,30,8 AM - 6 PM,Experienced in Family Medicine,
117,Valera,Geriatrician,.@yopmail.com,909,16,7 AM - 5 PM,Experienced in Geriatrician,
956,Edyth,Neurology,.@yopmail.com,910,14,7 AM - 5 PM,Experienced in Neurology,
639,Cordi,Surgery,.@yopmail.com,911,19,9 AM - 7 PM,Experienced in Surgery,
977,Daryl,Psychiatry,.@yopmail.com,912,20,8 AM - 6 PM,Experienced in Psychiatry,
586,Glenda,Geriatrician,.@yopmail.com,913,15,7 AM - 5 PM,Experienced in Geriatrician,
110,Olivette,Endocrinologist,.@yopmail.com,914,22,8 AM - 6 PM,Experienced in Endocrinologist,
197,Carmencita,Pediatrics,.@yopmail.com,915,15,7 AM - 5 PM,Experienced in Pediatrics,
127,Pollyanna,Pulmonologists,.@yopmail.com,916,12,7 AM - 5 PM,Experienced in Pulmonologists,
956,Danika,Surgery,.@yopmail.com,917,18,11 AM - 9 PM,Experienced in Surgery,
754,Riannon,Anesthesiology,.@yopmail.com,918,14,7 AM - 5 PM,Experienced in Anesthesiology,
556,Kellen,Critical Care Medicine,.@yopmail.com,919,25,8 AM - 6 PM,Experienced in Critical Care Medicine,
656,Leontine,Radiology,.@yopmail.com,920,11,8 AM - 6 PM,Experienced in Radiology,
427,Gabriellia,Emergency Medicine,.@yopmail.com,921,16,10 AM - 8 PM,Experienced in Emergency Medicine,
178,Shaylyn,Emergency Medicine,.@yopmail.com,922,17,8 AM - 6 PM,Experienced in Emergency Medicine,
334,Chickie,Internists,.@yopmail.com,923,8,7 AM - 5 PM,Experienced in Internists,
811,Fina,Geriatrician,.@yopmail.com,924,11,11 AM - 9 PM,Experienced in Geriatrician,
699,Chickie,Infectious disease,.@yopmail.com,925,3,7 AM - 5 PM,Experienced in Infectious disease,
726,Tomasina,Allergists,.@yopmail.com,926,18,11 AM - 9 PM,Experienced in Allergists,
712,Reeba,Surgery,.@yopmail.com,927,29,11 AM - 9 PM,Experienced in Surgery,
689,Belinda,Internists,.@yopmail.com,928,29,10 AM - 8 PM,Experienced in Internists,
268,Demetris,Emergency Medicine,.@yopmail.com,929,6,9 AM - 7 PM,Experienced in Emergency Medicine,
929,Aryn,Obstetric Anesthesiologists,.@yopmail.com,930,15,8 AM - 6 PM,Experienced in Obstetric Anesthesiologists,
489,Sam,Nephrology,.@yopmail.com,931,18,11 AM - 9 PM,Experienced in Nephrology,
492,Marita,Surgery,.@yopmail.com,932,21,9 AM - 7 PM,Experienced in Surgery,
910,Kellen,Endocrinologist,.@yopmail.com,933,22,7 AM - 5 PM,Experienced in Endocrinologist,
365,Roz,Neurology,.@yopmail.com,934,27,7 AM - 5 PM,Experienced in Neurology,
570,Elise,Family Medicine,.@yopmail.com,935,22,7 AM - 5 PM,Experienced in Family Medicine,
505,Jobi,Pulmonologists,.@yopmail.com,936,25,9 AM - 7 PM,Experienced in Pulmonologists,
890,Nollie,Ophthalmology,.@yopmail.com,937,25,8 AM - 6 PM,Experienced in Ophthalmology,
400,Rosaline,Pediatrics,.@yopmail.com,938,5,10 AM - 8 PM,Experienced in Pediatrics,
403,Mallory,Hospice and Palliative Care,.@yopmail.com,939,3,9 AM - 7 PM,Experienced in Hospice and Palliative Care,
851,Shel,Cardiology,.@yopmail.com,940,3,11 AM - 9 PM,Experienced in Cardiology,
952,Oona,Family Medicine,.@yopmail.com,941,1,11 AM - 9 PM,Experienced in Family Medicine,
401,Joelly,Gastroenterology,.@yopmail.com,942,20,10 AM - 8 PM,Experienced in Gastroenterology,
169,Maud,Gastroenterology,.@yopmail.com,943,12,9 AM - 7 PM,Experienced in Gastroenterology,
616,Roseline,Pulmonologists,.@yopmail.com,944,11,8 AM - 6 PM,Experienced in Pulmonologists,
604,Karena,Psychiatry,.@yopmail.com,945,5,7 AM - 5 PM,Experienced in Psychiatry,
878,Allis,Neurology,.@yopmail.com,946,2,10 AM - 8 PM,Experienced in Neurology,
437,Cecile,Emergency Medicine,.@yopmail.com,947,27,11 AM - 9 PM,Experienced in Emergency Medicine,
455,Nelle,Otolaryngologists,.@yopmail.com,948,18,11 AM - 9 PM,Experienced in Otolaryngologists,
524,Christy,Endocrinologist,.@yopmail.com,949,12,7 AM - 5 PM,Experienced in Endocrinologist,
890,Fredericka,Family Medicine,.@yopmail.com,950,19,9 AM - 7 PM,Experienced in Family Medicine,
464,Nollie,Emergency Medicine,.@yopmail.com,951,23,11 AM - 9 PM,Experienced in Emergency Medicine,
229,Althea,Gastroenterology,.@yopmail.com,952,23,7 AM - 5 PM,Experienced in Gastroenterology,
509,Dorice,Allergists,.@yopmail.com,953,18,11 AM - 9 PM,Experienced in Allergists,
603,Frances,Gastroenterology,.@yopmail.com,954,6,11 AM - 9 PM,Experienced in Gastroenterology,
928,Doralynne,Neurology,.@yopmail.com,955,7,8 AM - 6 PM,Experienced in Neurology,
158,Codie,Otolaryngologists,.@yopmail.com,956,20,11 AM - 9 PM,Experienced in Otolaryngologists,
855,Di,Emergency Medicine,.@yopmail.com,957,12,7 AM - 5 PM,Experienced in Emergency Medicine,
483,Isa,Ophthalmology,.@yopmail.com,958,19,8 AM - 6 PM,Experienced in Ophthalmology,
745,Margalo,Pediatrics,.@yopmail.com,959,25,10 AM - 8 PM,Experienced in Pediatrics,
997,Georgina,Obstetric Anesthesiologists,.@yopmail.com,960,6,7 AM - 5 PM,Experienced in Obstetric Anesthesiologists,
383,Dolli,Endocrinologist,.@yopmail.com,961,6,11 AM - 9 PM,Experienced in Endocrinologist,
151,Karly,Internists,.@yopmail.com,962,23,8 AM - 6 PM,Experienced in Internists,
236,Emma,Critical Care Medicine,.@yopmail.com,963,12,9 AM - 7 PM,Experienced in Critical Care Medicine,
702,Mamie,Pediatrics,.@yopmail.com,964,5,9 AM - 7 PM,Experienced in Pediatrics,
702,Jean,Otolaryngologists,.@yopmail.com,965,21,9 AM - 7 PM,Experienced in Otolaryngologists,
147,Consuela,Oncologist,.@yopmail.com,966,20,11 AM - 9 PM,Experienced in Oncologist,
955,Fidelia,Nephrology,.@yopmail.com,967,21,10 AM - 8 PM,Experienced in Nephrology,
975,Caritta,Surgery,.@yopmail.com,968,2,9 AM - 7 PM,Experienced in Surgery,
956,Helsa,Critical Care Medicine,.@yopmail.com,969,15,8 AM - 6 PM,Experienced in Critical Care Medicine,
220,Carly,Emergency Medicine,.@yopmail.com,970,5,11 AM - 9 PM,Experienced in Emergency Medicine,
431,Dulcinea,Pediatrics,.@yopmail.com,971,9,10 AM - 8 PM,Experienced in Pediatrics,
346,Coral,Anesthesiology,.@yopmail.com,972,16,11 AM - 9 PM,Experienced in Anesthesiology,
636,Tori,Oncologist,.@yopmail.com,973,20,11 AM - 9 PM,Experienced in Oncologist,
757,Beth,Psychiatry,.@yopmail.com,974,22,7 AM - 5 PM,Experienced in Psychiatry,
370,Sindee,Anesthesiology,.@yopmail.com,975,22,7 AM - 5 PM,Experienced in Anesthesiology,
900,Marnia,Infectious disease,.@yopmail.com,976,1,7 AM - 5 PM,Experienced in Infectious disease,
694,Rosabelle,Pulmonologists,.@yopmail.com,977,19,7 AM - 5 PM,Experienced in Pulmonologists,
935,Chastity,Geriatrician,.@yopmail.com,978,29,10 AM - 8 PM,Experienced in Geriatrician,
324,Christal,Oncologist,.@yopmail.com,979,27,11 AM - 9 PM,Experienced in Oncologist,
306,Lindie,Nephrology,.@yopmail.com,980,19,7 AM - 5 PM,Experienced in Nephrology,
451,Steffane,Allergists,.@yopmail.com,981,30,10 AM - 8 PM,Experienced in Allergists,
238,Cathie,Allergists,.@yopmail.com,982,27,11 AM - 9 PM,Experienced in Allergists,
777,Lucille,Internists,.@yopmail.com,983,5,11 AM - 9 PM,Experienced in Internists,
594,Roseline,Pediatrics,.@yopmail.com,984,16,10 AM - 8 PM,Experienced in Pediatrics,
387,Nadine,Nephrology,.@yopmail.com,985,16,8 AM - 6 PM,Experienced in Nephrology,
305,Christy,Nephrology,.@yopmail.com,986,24,10 AM - 8 PM,Experienced in Nephrology,
284,Adore,Endocrinologist,.@yopmail.com,987,15,10 AM - 8 PM,Experienced in Endocrinologist,
421,Chickie,Emergency Medicine,.@yopmail.com,988,28,10 AM - 8 PM,Experienced in Emergency Medicine,
258,Elvira,Endocrinologist,.@yopmail.com,989,6,8 AM - 6 PM,Experienced in Endocrinologist,
745,Celene,Pulmonologists,.@yopmail.com,990,11,11 AM - 9 PM,Experienced in Pulmonologists,
709,Gretal,Oncologist,.@yopmail.com,991,21,11 AM - 9 PM,Experienced in Oncologist,
391,Shandie,Oncologist,.@yopmail.com,992,18,10 AM - 8 PM,Experienced in Oncologist,
995,Nikki,Psychiatry,.@yopmail.com,993,27,8 AM - 6 PM,Experienced in Psychiatry,
369,Kimberley,Internists,.@yopmail.com,994,2,8 AM - 6 PM,Experienced in Internists,
715,Andeee,Hospice and Palliative Care,.@yopmail.com,995,27,11 AM - 9 PM,Experienced in Hospice and Palliative Care,
618,Melanie,Oncologist,.@yopmail.com,996,10,9 AM - 7 PM,Experienced in Oncologist,
189,Cam,Internists,.@yopmail.com,997,26,11 AM - 9 PM,Experienced in Internists,
791,Charmaine,Allergists,.@yopmail.com,998,5,11 AM - 9 PM,Experienced in Allergists,
119,Lanna,Hospice and Palliative Care,.@yopmail.com,999,29,11 AM - 9 PM,Experienced in Hospice and Palliative Care,
658,Corina,Oncologist,.@yopmail.com,1000,25,9 AM - 7 PM,Experienced in Oncologist,
